完整路径,文件名,文件大小,文件大小(MB),MD5值,分析时间(秒),分析帧数,成功分析帧数,匹配标签数,匹配标签列表,标签详情,错误信息
/Volumes/HC530_1/待整理/新建文件夹/FC2-PPV-2843783/FC2-PPV-2843783.mp4,FC2-PPV-2843783.mp4,1726267537,1646.3,d66d8588af3a5da3bcac40eb1282c34b,471.9,11,11,15,"制服, 办公室, 口交, 和服, 姿势, 学生, 少女, 床上, 淡妆, 短发, 职业装, 苗条, 身材, 酒店, 长发","{""身材"": 9, ""学生"": 6, ""制服"": 6, ""短发"": 6, ""长发"": 4, ""苗条"": 4, ""口交"": 3, ""酒店"": 3, ""姿势"": 3, ""办公室"": 2, ""职业装"": 2, ""少女"": 1, ""和服"": 1, ""淡妆"": 1, ""床上"": 1}",
/Volumes/HC530_1/待整理/新建文件夹/hjd2048.com-0406ssni168-h264/HJD2048.COM-0406SSNI168-H264.mp4,HJD2048.COM-0406SSNI168-H264.mp4,3715506936,3543.4,371e3f8521e024ff996628587bea1c89,558.2,11,11,15,"中年, 内衣, 口交, 后入, 姿势, 床上, 性感, 成熟, 按摩, 模特, 短发, 苗条, 身材, 酒店, 长发","{""身材"": 5, ""床上"": 5, ""酒店"": 5, ""短发"": 4, ""苗条"": 3, ""口交"": 2, ""姿势"": 2, ""性感"": 2, ""成熟"": 2, ""按摩"": 1, ""后入"": 1, ""中年"": 1, ""内衣"": 1, ""长发"": 1, ""模特"": 1}",
/Volumes/HC530_1/待整理/新建文件夹/hjd2048.com-0406ssni168-h264/SSNI168-5.mp4,SSNI168-5.mp4,454950996,433.9,e7e4be526106e26deff3c8bc507b6c79,529.3,11,11,21,"中年, 内衣, 制服, 卷发, 口交, 大学生, 天花板, 姿势, 学生, 床上, 性感, 按摩, 模特, 淡妆, 短发, 职业装, 苗条, 身材, 酒店, 长发, 马尾","{""长发"": 6, ""身材"": 5, ""苗条"": 5, ""酒店"": 5, ""短发"": 4, ""床上"": 3, ""学生"": 2, ""淡妆"": 2, ""性感"": 2, ""口交"": 2, ""模特"": 2, ""按摩"": 2, ""马尾"": 2, ""职业装"": 1, ""大学生"": 1, ""中年"": 1, ""姿势"": 1, ""天花板"": 1, ""制服"": 1, ""内衣"": 1, ""卷发"": 1}",
/Volumes/HC530_1/待整理/av2/MIDV-240.mp4,MIDV-240.mp4,6561635058,6257.7,e95854ad0096e7edcb5ae59e816ee861,476.4,10,8,19,"丁字裤, 丝袜, 中年, 内衣, 制服, 办公室, 学生, 床上, 性感, 成熟, 模特, 浴室, 眼镜, 短发, 职业装, 苗条, 身材, 酒店, 长发","{""长发"": 5, ""苗条"": 4, ""身材"": 3, ""中年"": 2, ""性感"": 2, ""内衣"": 2, ""职业装"": 1, ""眼镜"": 1, ""短发"": 1, ""酒店"": 1, ""学生"": 1, ""办公室"": 1, ""制服"": 1, ""浴室"": 1, ""丝袜"": 1, ""模特"": 1, ""成熟"": 1, ""床上"": 1, ""丁字裤"": 1}",
/Volumes/HC530_1/待整理/AV/MKMP-485.mp4,MKMP-485.mp4,6861455730,6543.6,b0a461c7385f534dff2263eb23b1758f,480.1,10,10,19,"内衣, 制服, 医生, 医院, 口交, 天花板, 学生, 床上, 性感, 情趣, 护士, 模特, 淡妆, 真实, 短发, 苗条, 身材, 酒店, 长发","{""短发"": 5, ""护士"": 4, ""床上"": 4, ""身材"": 3, ""性感"": 3, ""苗条"": 3, ""内衣"": 3, ""制服"": 3, ""医院"": 3, ""长发"": 3, ""淡妆"": 2, ""学生"": 2, ""情趣"": 1, ""模特"": 1, ""天花板"": 1, ""医生"": 1, ""口交"": 1, ""真实"": 1, ""酒店"": 1}",
/Volumes/HC530_1/待整理/AV/MEYD-806.mp4,MEYD-806.mp4,5396049873,5146.1,539fe1eca6e12e16bf8567952916b909,497.2,10,8,13,"内衣, 卷发, 口交, 姿势, 床上, 性感, 模特, 浴室, 红唇, 苗条, 身材, 酒店, 长发","{""身材"": 5, ""长发"": 5, ""苗条"": 4, ""内衣"": 3, ""酒店"": 2, ""性感"": 2, ""卷发"": 1, ""红唇"": 1, ""浴室"": 1, ""口交"": 1, ""床上"": 1, ""姿势"": 1, ""模特"": 1}",
/Volumes/HC530_1/待整理/AV/WAAA-213.mp4,WAAA-213.mp4,6767889966,6454.4,c16f1e1f5981ed39bf4c23872cba292d,530.9,10,7,14,"丁字裤, 中年, 口交, 床上, 性感, 成熟, 按摩, 模特, 比基尼, 浴室, 苗条, 身材, 长发, 马尾","{""身材"": 5, ""模特"": 4, ""性感"": 3, ""苗条"": 3, ""长发"": 2, ""中年"": 1, ""浴室"": 1, ""床上"": 1, ""丁字裤"": 1, ""马尾"": 1, ""按摩"": 1, ""比基尼"": 1, ""口交"": 1, ""成熟"": 1}",
/Volumes/HC530_1/待整理/AV/SAME-051.mp4,SAME-051.mp4,6049398131,5769.2,2b03bfb29b557b0d7b99bdc5143f88a3,472.7,10,10,16,"丝袜, 内衣, 多人, 姿势, 学生, 床上, 性感, 成熟, 按摩, 模特, 淡妆, 熟女, 苗条, 身材, 长发, 马尾","{""身材"": 6, ""长发"": 6, ""姿势"": 3, ""苗条"": 3, ""床上"": 2, ""模特"": 2, ""内衣"": 2, ""多人"": 2, ""按摩"": 2, ""熟女"": 1, ""性感"": 1, ""成熟"": 1, ""丝袜"": 1, ""马尾"": 1, ""淡妆"": 1, ""学生"": 1}",
/Volumes/HC530_1/待整理/AV/RVG-169.mp4,RVG-169.mp4,10841057114,10338.8,9a84e044fca35fc6607dd0732653e924,531.8,11,10,15,"制服, 口交, 和服, 多人, 姿势, 学校, 学生, 床上, 性感, 模特, 短发, 苗条, 身材, 长发, 马尾","{""长发"": 7, ""身材"": 5, ""苗条"": 5, ""模特"": 3, ""床上"": 2, ""短发"": 2, ""多人"": 2, ""性感"": 2, ""马尾"": 1, ""口交"": 1, ""学生"": 1, ""制服"": 1, ""学校"": 1, ""姿势"": 1, ""和服"": 1}",
/Volumes/HC530_1/待整理/AV/MIDV-278.mp4,MIDV-278.mp4,6446060182,6147.4,68f46d9322d1975797e0862e9b365184,446.7,10,10,19,"内衣, 医生, 医院, 双马尾, 口交, 姿势, 对白, 床上, 性感, 护士, 按摩, 模特, 淡妆, 短发, 苗条, 身材, 酒店, 长发, 马尾","{""护士"": 7, ""身材"": 5, ""马尾"": 4, ""医院"": 4, ""短发"": 4, ""长发"": 3, ""床上"": 2, ""性感"": 2, ""姿势"": 2, ""苗条"": 2, ""内衣"": 2, ""对白"": 1, ""医生"": 1, ""双马尾"": 1, ""淡妆"": 1, ""模特"": 1, ""按摩"": 1, ""口交"": 1, ""酒店"": 1}",
/Volumes/HC530_1/待整理/AV/KSBJ-216.mp4,KSBJ-216.mp4,10718696227,10222.1,9bde0daba440ab14f12728fdb3e1d4c9,480.8,10,9,20,"丁字裤, 中年, 丰满, 内衣, 和服, 多人, 姿势, 学生, 床上, 性感, 旗袍, 模特, 淡妆, 睡衣, 短发, 苗条, 身材, 酒店, 长发, 马尾","{""身材"": 6, ""长发"": 5, ""床上"": 5, ""模特"": 3, ""苗条"": 3, ""短发"": 3, ""酒店"": 2, ""和服"": 2, ""丁字裤"": 1, ""多人"": 1, ""姿势"": 1, ""中年"": 1, ""淡妆"": 1, ""学生"": 1, ""睡衣"": 1, ""旗袍"": 1, ""丰满"": 1, ""马尾"": 1, ""性感"": 1, ""内衣"": 1}",
/Volumes/HC530_1/待整理/AV/324SRTD-0350.mp4,324SRTD-0350.mp4,2272213765,2167.0,91283dfa4030ae09c88be8869be20d28,523.4,11,10,15,"丰满, 制服, 卷发, 姿势, 性感, 模特, 浴室, 淡妆, 漂亮, 职业装, 苗条, 身材, 酒店, 长发, 马尾","{""长发"": 10, ""身材"": 5, ""酒店"": 4, ""模特"": 3, ""苗条"": 3, ""性感"": 2, ""卷发"": 2, ""淡妆"": 2, ""浴室"": 2, ""职业装"": 1, ""制服"": 1, ""姿势"": 1, ""丰满"": 1, ""漂亮"": 1, ""马尾"": 1}",
/Volumes/HC530_1/待整理/AV/STARS-905.mp4,STARS-905.mp4,5105224147,4868.7,5565184bbd5aa33c07e5923fd1922f47,519.5,11,11,17,"制服, 卷发, 厨房, 口交, 学生, 床上, 性感, 成熟, 旗袍, 模特, 短发, 苗条, 警察, 身材, 酒店, 长发, 马尾","{""身材"": 7, ""苗条"": 7, ""短发"": 7, ""长发"": 5, ""模特"": 4, ""床上"": 3, ""卷发"": 2, ""口交"": 2, ""性感"": 2, ""厨房"": 2, ""警察"": 1, ""制服"": 1, ""成熟"": 1, ""酒店"": 1, ""学生"": 1, ""马尾"": 1, ""旗袍"": 1}",
/Volumes/HC530_1/待整理/AV/SSIS-139.mp4,SSIS-139.mp4,7368507109,7027.2,91ca983f5fb7235d26e341dab68d9988,500.9,10,10,21,"丰满, 内衣, 制服, 办公室, 口交, 天花板, 姿势, 学生, 床上, 性感, 按摩, 模特, 浴室, 淡妆, 短发, 红唇, 职业装, 苗条, 身材, 酒店, 长发","{""短发"": 7, ""酒店"": 6, ""模特"": 4, ""身材"": 3, ""按摩"": 3, ""性感"": 3, ""长发"": 3, ""口交"": 2, ""红唇"": 2, ""浴室"": 2, ""姿势"": 2, ""苗条"": 1, ""天花板"": 1, ""床上"": 1, ""学生"": 1, ""职业装"": 1, ""制服"": 1, ""办公室"": 1, ""内衣"": 1, ""淡妆"": 1, ""丰满"": 1}",
/Volumes/HC530_1/待整理/AV/PRED-485.mp4,PRED-485.mp4,5450430998,5197.9,6dc2ddbeb97f12e662f2897782764859,501.7,10,8,14,"中年, 内衣, 制服, 办公室, 医生, 医院, 口交, 姿势, 护士, 模特, 短发, 苗条, 身材, 长发","{""长发"": 4, ""身材"": 3, ""制服"": 3, ""办公室"": 2, ""苗条"": 2, ""护士"": 2, ""姿势"": 1, ""中年"": 1, ""口交"": 1, ""医生"": 1, ""医院"": 1, ""内衣"": 1, ""短发"": 1, ""模特"": 1}",
/Volumes/HC530_1/待整理/AV/MYBA-053.mp4,MYBA-053.mp4,6081836078,5800.1,f97da30ea129bf5ee42c41013b1f27fe,500.3,10,10,15,"丁字裤, 中年, 内衣, 制服, 姿势, 床上, 性感, 模特, 淡妆, 职业装, 苗条, 身材, 酒店, 长发, 马尾","{""长发"": 8, ""酒店"": 6, ""身材"": 5, ""床上"": 4, ""苗条"": 4, ""模特"": 2, ""丁字裤"": 2, ""中年"": 2, ""制服"": 1, ""职业装"": 1, ""马尾"": 1, ""性感"": 1, ""姿势"": 1, ""内衣"": 1, ""淡妆"": 1}",
/Volumes/HC530_1/待整理/AV/324SRTD-0351.mp4,324SRTD-0351.mp4,2595904315,2475.6,bca8b36b939bc7a330752c874ecf85fd,547.0,11,11,12,"卷发, 姿势, 床上, 性感, 模特, 淡妆, 短发, 苗条, 身材, 酒店, 长发, 马尾","{""身材"": 7, ""长发"": 7, ""酒店"": 7, ""苗条"": 6, ""模特"": 5, ""床上"": 5, ""性感"": 2, ""姿势"": 2, ""短发"": 2, ""马尾"": 1, ""淡妆"": 1, ""卷发"": 1}",
/Volumes/HC530_1/待整理/AV/SSIS-703.mp4,SSIS-703.mp4,6947530718,6625.7,b8e7a51bdb17ff4c44e67553364b12be,463.0,10,10,18,"丁字裤, 丰满, 内衣, 卷发, 天花板, 姿势, 床上, 性感, 情趣, 成熟, 模特, 比基尼, 浴室, 短发, 苗条, 身材, 长发, 马尾","{""性感"": 6, ""模特"": 5, ""身材"": 5, ""内衣"": 5, ""苗条"": 3, ""短发"": 3, ""床上"": 2, ""长发"": 2, ""比基尼"": 2, ""卷发"": 1, ""丰满"": 1, ""丁字裤"": 1, ""天花板"": 1, ""马尾"": 1, ""浴室"": 1, ""情趣"": 1, ""姿势"": 1, ""成熟"": 1}",
/Volumes/HC530_1/待整理/AV/IPZZ-059.mp4,IPZZ-059.mp4,5403029808,5152.7,fcbe810eb30e5a817b24fc3d93a6ad4f,483.4,10,10,20,"丝袜, 制服, 办公室, 卷发, 口交, 姿势, 学生, 床上, 性感, 按摩, 模特, 浴室, 淡妆, 短发, 职业装, 苗条, 身材, 酒店, 长发, 马尾","{""身材"": 4, ""酒店"": 4, ""长发"": 3, ""床上"": 3, ""职业装"": 2, ""浴室"": 2, ""苗条"": 2, ""模特"": 2, ""丝袜"": 1, ""学生"": 1, ""办公室"": 1, ""短发"": 1, ""制服"": 1, ""淡妆"": 1, ""马尾"": 1, ""卷发"": 1, ""性感"": 1, ""按摩"": 1, ""口交"": 1, ""姿势"": 1}",
/Volumes/HC530_1/待整理/AV/REBD-717.mp4,REBD-717.mp4,3368872914,3212.8,45a6a6e2e4046e98ffb55976874ca438,531.7,11,11,21,"丁字裤, 中年, 内衣, 和服, 大学生, 女神, 姿势, 学生, 床上, 性感, 情趣, 成熟, 模特, 淡妆, 瑜伽, 眼镜, 短发, 苗条, 身材, 长发, 马尾","{""长发"": 8, ""身材"": 7, ""性感"": 5, ""模特"": 5, ""苗条"": 5, ""学生"": 2, ""内衣"": 2, ""短发"": 2, ""淡妆"": 2, ""大学生"": 1, ""马尾"": 1, ""女神"": 1, ""床上"": 1, ""成熟"": 1, ""中年"": 1, ""眼镜"": 1, ""情趣"": 1, ""和服"": 1, ""姿势"": 1, ""丁字裤"": 1, ""瑜伽"": 1}",
/Volumes/HC530_1/待整理/AV/Julia/PRED-411.mp4,PRED-411.mp4,6739653977,6427.4,498393b2f62200b3f1c47e6e20c0e998,446.4,10,10,20,"丝袜, 中年, 内衣, 制服, 卷发, 口交, 后入, 姿势, 床上, 性感, 成熟, 模特, 浴室, 熟女, 睡衣, 短发, 苗条, 身材, 酒店, 长发","{""身材"": 8, ""苗条"": 5, ""长发"": 4, ""床上"": 3, ""短发"": 3, ""性感"": 3, ""姿势"": 2, ""内衣"": 2, ""模特"": 2, ""酒店"": 2, ""睡衣"": 1, ""制服"": 1, ""卷发"": 1, ""后入"": 1, ""浴室"": 1, ""熟女"": 1, ""成熟"": 1, ""口交"": 1, ""中年"": 1, ""丝袜"": 1}",
/Volumes/HC530_1/待整理/x/MMB-404.mp4,MMB-404.mp4,3547578368,3383.2,957044e56dff3a704468e467549ac0cf,300,0,0,0,,{},分析超时（5分钟）
