文件名,文件路径,大小(字节),MD5值
._ADN-214_UNCENSORED.mp4,/volume1/Video/#recycle/._ADN-214_UNCENSORED.mp4,368,5a6f5ad3b6164eb1044e006f5b80042a
._ADN-475.mp4,/volume1/Video/#recycle/._ADN-475.mp4,368,5a6f5ad3b6164eb1044e006f5b80042a
._ADN-499.mp4,/volume1/Video/#recycle/._ADN-499.mp4,368,5a6f5ad3b6164eb1044e006f5b80042a
._AEGE-018.mp4,/volume1/Video/#recycle/._AEGE-018.mp4,368,5a6f5ad3b6164eb1044e006f5b80042a
._ATID-542.mp4,/volume1/Video/#recycle/._ATID-542.mp4,368,5a6f5ad3b6164eb1044e006f5b80042a
._BMW-291.mp4,/volume1/Video/#recycle/._BMW-291.mp4,368,5a6f5ad3b6164eb1044e006f5b80042a
._CAWD-551.mp4,/volume1/Video/#recycle/._CAWD-551.mp4,368,5a6f5ad3b6164eb1044e006f5b80042a
._DASS-305.mp4,/volume1/Video/#recycle/._DASS-305.mp4,368,5a6f5ad3b6164eb1044e006f5b80042a
._FSDSS-673.mp4,/volume1/Video/#recycle/._FSDSS-673.mp4,368,5a6f5ad3b6164eb1044e006f5b80042a
._HMN-502.mp4,/volume1/Video/#recycle/._HMN-502.mp4,368,5a6f5ad3b6164eb1044e006f5b80042a
