title,actor,release_date,video_id,detail_url,studio,rating,duration,magnet_link,all_magnet_links
KDJE-024 【4Kリマスター版】M・ザーメン・トランス 長澤あずさ,長澤あずさ,2023-08-23,KDJE-024,https://javdb564.com/v/xvWbR8,ワープエンタテインメント,4.61,127 分鍾,magnet:?xt=urn:btih:970c56f77cd63972f4941d132f9aa2daf3cc7ee6&dn=[javdb.com]kdje-024.torrent,magnet:?xt=urn:btih:970c56f77cd63972f4941d132f9aa2daf3cc7ee6&dn=[javdb.com]kdje-024.torrent
IKST-003 素人誰コレ 優しく甘やかしてくれる爆乳！ 色白黒髪という神属性 感度良好お姉さん,長澤あずさ,2020-11-28,IKST-003,https://javdb564.com/v/VgKQQ,いきなりエロざんまい,4.36,138 分鍾,magnet:?xt=urn:btih:54a46845f5c49f105a807e8a1e6629a074e726d7&dn=[javdb.com]425IKST-003.torrent,magnet:?xt=urn:btih:54a46845f5c49f105a807e8a1e6629a074e726d7&dn=[javdb.com]425IKST-003.torrent; magnet:?xt=urn:btih:659ae207cfc19cb9f603a938dc8df5406f033111&dn=[javdb.com]425IKST-003.HD; magnet:?xt=urn:btih:1b607b3ff9c786eac4065d7ae1cb35d00ae68adf&dn=[javdb.com]425IKST-003.mp4
PYU-061 お姉さんの美巨乳を服の上から弄んでラブラブHしちゃいましたぁ～！！ 長澤あずさ,長澤あずさ,2020-08-03,PYU-061,https://javdb564.com/v/VzpVn,カムカムぴゅっ！,4.33,35 分鍾,magnet:?xt=urn:btih:72d5d677a097eff901e04878f8248793892bcc9b&dn=[javdb.com]PYU-061,magnet:?xt=urn:btih:72d5d677a097eff901e04878f8248793892bcc9b&dn=[javdb.com]PYU-061
HMHI-516 あずさ,長澤あずさ,2020-07-24,HMHI-516,https://javdb564.com/v/7QnAV,N/A,4.36,32 分鍾,magnet:?xt=urn:btih:c97300e88f522fec0b87305847a866c3a90d5689&dn=[javdb.com]第一會所新片@SIS001@hmhi-516,magnet:?xt=urn:btih:c97300e88f522fec0b87305847a866c3a90d5689&dn=[javdb.com]第一會所新片@SIS001@hmhi-516; magnet:?xt=urn:btih:059c99e950991fce07db706e4a4199b21035ceb5&dn=[javdb.com]1287.[1030gc.com]hmhi-516
CRRV-005 知名AV女優傳播妹來幫破童貞！ 顯示原標題,長澤あずさ,2018-01-13,CRRV-005,https://javdb564.com/v/5E2y9,チェリーズれぼ,4.24,150 分鍾,magnet:?xt=urn:btih:e33d86de78034ecef63392886d2001979c9bb551&dn=[javdb.com][Thz.la]crrv-005,magnet:?xt=urn:btih:e33d86de78034ecef63392886d2001979c9bb551&dn=[javdb.com][Thz.la]crrv-005; magnet:?xt=urn:btih:2074c99d742b66aa72ffbcb2585760e2eb771c2a&dn=[javdb.com]HD-crrv-005; magnet:?xt=urn:btih:2d1d63405443c7c6cf009ee5616475c08179978c&dn=[javdb.com]CRRV-005.mp4; magnet:?xt=urn:btih:c1f564390ba06ad898dc8f2ce3d88f1c660d4e04&dn=[javdb.com]CRRV-005; magnet:?xt=urn:btih:c6fbe1af8ad4785438ae62667cccd0bf7014334c&dn=[javdb.com]第一會所新片@SIS001@(チェリーズれぼ)(CRRV-005)パイ乙BOOTLEGあの超有名AV女優が出勤してるというウワサのデリヘル呼んで筆おろしてモラタ！; magnet:?xt=urn:btih:5b5f04e5574a289d4061731a924e6d39c041aa25&dn=[javdb.com]crrv-005; magnet:?xt=urn:btih:f80362ae87a1e428aa59ae77b3c9fa6b3ee84f02&dn=[javdb.com]crrv-005; magnet:?xt=urn:btih:30c5b582ac54cd7ede2dbbe27796d087feaf1a92&dn=[javdb.com]crrv-005[javxxoo.com].MP4
LADY-048 LADY’S DEEP KISS 顯示原標題,長澤あずさ,2017-05-03,LADY-048,https://javdb564.com/v/VPNKA,N/A,3.0,54 分鍾,magnet:?xt=urn:btih:5aede59ccb2e5d5b159367d6cd98722a8c4acc9d&dn=[javdb.com]LADY-048.wmv,magnet:?xt=urn:btih:5aede59ccb2e5d5b159367d6cd98722a8c4acc9d&dn=[javdb.com]LADY-048.wmv
SHE-226 淫亂人妻偷情溫泉中出之旅 顯示原標題,長澤あずさ,2015-10-10,SHE-226,https://javdb564.com/v/bA80A,ホットエンターテイメント,4.38,240 分鍾,magnet:?xt=urn:btih:6d1344dfc73b0a77e969642a9c756fc3ed9d1db4&dn=[javdb.com]SHE-226-C.mp4.torrent,magnet:?xt=urn:btih:6d1344dfc73b0a77e969642a9c756fc3ed9d1db4&dn=[javdb.com]SHE-226-C.mp4.torrent; magnet:?xt=urn:btih:86984c2fa12cb70e4d4a440aeb8c7e2ac18f068b&dn=[javdb.com]SHE-226.mp4; magnet:?xt=urn:btih:8d9cc7e587a0b79953ea4f7b53cb85edeba237b8&dn=[javdb.com]SHE-226.mp4; magnet:?xt=urn:btih:5b7dc3d18a80af0fcc3ca1acd2e00bf7cadda3b5&dn=[javdb.com]SHE-226.mp4; magnet:?xt=urn:btih:acb3867dab489f9b4052148173fd89ce7a117cbd&dn=[javdb.com]SHE-226 淫らな人妻との温泉中出しの旅 平穏な毎日に不満があるわけではないがどこか物足りない。もう一度だけときめきを感じたくて女は見知らぬ男に抱かれる…; magnet:?xt=urn:btih:e67e58c52152cd860eb3423222502f39ce547b3d&dn=[javdb.com]第一會所新片@SIS001@(HOT)(SHE-226)淫らな人妻との温泉中出しの旅_平穏な毎日に不満があるわけではないがどこか物足りない。
SHKD-515 激情強暴 2～被盯上的護士～ 長澤梓 顯示原標題,長澤あずさ,2013-08-07,SHKD-515,https://javdb564.com/v/me5BY,Attackers,4.5,120 分鍾,magnet:?xt=urn:btih:62d50a3393c21ccca042299e4ece59f4a4f55cae&dn=[javdb.com]shkd-515-C.torrent,"magnet:?xt=urn:btih:62d50a3393c21ccca042299e4ece59f4a4f55cae&dn=[javdb.com]shkd-515-C.torrent; magnet:?xt=urn:btih:f30da56cc4451d1f2f26e246c280c70d63d942a0&dn=[javdb.com](死夜悪)(SHKD-515)激情レイプ2～狙われた看護師～長澤あずさ.mp4; magnet:?xt=urn:btih:750f3ae9442e1f6a957b1887a50eaedc92a88440&dn=[javdb.com]SHKD-515,.avi; magnet:?xt=urn:btih:9fbf07039f8e18c6e40d4b2fe78245486024be9b&dn=[javdb.com]SHKD-515; magnet:?xt=urn:btih:a2bfe32e8de26911ff46c67796aa5c41b28d2924&dn=[javdb.com]SHKD-515 激情レイプ2～狙われた看護師～ 長澤あずさ.rmvb; magnet:?xt=urn:btih:b9fa41c602f261912a0487bce7f300ad7ca31d48&dn=[javdb.com]SHKD-515.長澤梓.激情レイプ2～狙われた看護師～ 長澤あずさ; magnet:?xt=urn:btih:08b40b0deaafc51dc3de9f498b182823ccd533d4&dn=[javdb.com]30.(死夜悪)(SHKD-515)激情レイプ2～狙われた看護師～長澤あずさ; magnet:?xt=urn:btih:81d261bc8ba990866ff45865f0a86437fb569c9b&dn=[javdb.com]【WCP】SHKD-515 jiqingreip; magnet:?xt=urn:btih:d9d0ab8b3ed44badd52f62c239909d0f5041f782&dn=[javdb.com]SHKD-515-AVI; magnet:?xt=urn:btih:f8ac75fc896439c548261042fe7c4d672738fdbd&dn=[javdb.com]SHKD-515 激情強姦2～被瞄準的護士～長澤; magnet:?xt=urn:btih:2a42b212bbfdf30678d741df381232b0b07c8f26&dn=[javdb.com]复活126@第一会所@SHKD-515; magnet:?xt=urn:btih:d9cf4b7ad26a0ad535d04df67f8490768866f9d4&dn=[javdb.com]SHKD_515@oldman; magnet:?xt=urn:btih:0dacbd66c903d761680b152647e38c9abacb2f48&dn=[javdb.com]Azusa Nagasawa - Nurse is a Target 2 to passion rape [SHKD-515]; magnet:?xt=urn:btih:6f69365eb748d70d8be32f574da463b1146dd830&dn=[javdb.com]SHKD-515; magnet:?xt=urn:btih:34b384d17a19ae1ece2547111b1e22b8e82040e6&dn=[javdb.com]第一會所新片@SIS001@(死夜悪)(SHKD-515)激情レイプ2～狙われた看護師～長澤あずさ; magnet:?xt=urn:btih:f48b1047086280c508d3b84ec498434af282c167&dn=[javdb.com]im-520@SIS001@SHKD-515; magnet:?xt=urn:btih:d56a67ad579c510279205979cde50d545ce3c65c&dn=[javdb.com]【亞瑟王】【SEX8.CC】SHKD-515 激情レイプ2～狙われた看護師～ 長澤あずさ"
VEC-068 老婆被按摩師睡走了 長澤梓 顯示原標題,長澤あずさ,2013-06-01,VEC-068,https://javdb564.com/v/k4gNN,VENUS,4.21,105 分鍾,magnet:?xt=urn:btih:c0f93da9473b7021d81cde8d8be552472cba9dd3&dn=[javdb.com]vec-068-C.torrent,magnet:?xt=urn:btih:c0f93da9473b7021d81cde8d8be552472cba9dd3&dn=[javdb.com]vec-068-C.torrent; magnet:?xt=urn:btih:9098996ee6ec9af93b6790cf3182db11081c031c&dn=[javdb.com]VEC-068.mp4; magnet:?xt=urn:btih:5433d29c9bb28fda96224de511c3610116cb9101&dn=[javdb.com]VEC-068-JAVFILE.ORG.mp4; magnet:?xt=urn:btih:68433e9f95ea056c492cb6a719d48ce26df259be&dn=[javdb.com]VEC-068; magnet:?xt=urn:btih:85c0a1502ec3f99856bea5ea4068ce49ef47b8f7&dn=[javdb.com]VEC-068-AVI; magnet:?xt=urn:btih:3936b659b28e737981b94450cd7a06101d96bad2&dn=[javdb.com]VEC-068 Azusa Nagasawa 조루 남편에게 불만인 아내 마사지를; magnet:?xt=urn:btih:2254fe411ac062715d487281e3d1dad339c1c236&dn=[javdb.com]VEC-068; magnet:?xt=urn:btih:5ee30f73d4ded00faf3575b1e745cf6a6718f9b0&dn=[javdb.com]第一會所新片@SIS001@(VENUS)(VEC-068)嫁をマッサージ師に寝取られた_長澤あずさ; magnet:?xt=urn:btih:cb0ee10b15d3c0a2237599be8ed8845d6e6db73a&dn=[javdb.com]VEC-068 跟按摩師偷情的媳婦兒~長澤あずさ; magnet:?xt=urn:btih:3fa0b51d754b208e2db1b19520f01911a265c3e9&dn=[javdb.com]im-520@SIS001@VEC-068; magnet:?xt=urn:btih:23ab09f3d5f29e3c77a0b98b5f333e9448ae1c5e&dn=[javdb.com]wo-010101@www.sexinsex.net@vec-068; magnet:?xt=urn:btih:2ac908530cd0995cca33389f31727c4fb04938eb&dn=[javdb.com]【sharemovie】【sex8.cc】vec-068亚洲妻子给她按摩师; magnet:?xt=urn:btih:21852a80f0eb62725033aabd65029b651eb67d5a&dn=[javdb.com]www.00-jav.com-VEC-068.rmvb
MIGD-501 搜查官慘遭觸手肏翻兩穴 長澤梓 顯示原標題,長澤あずさ,2013-04-01,MIGD-501,https://javdb564.com/v/0Rnb3,MOODYZ,4.5,120 分鍾,magnet:?xt=urn:btih:49c46b290ce63348497d706b50fe93c88abb487a&dn=[javdb.com]MIGD-501-C.torrent,magnet:?xt=urn:btih:49c46b290ce63348497d706b50fe93c88abb487a&dn=[javdb.com]MIGD-501-C.torrent; magnet:?xt=urn:btih:ca7260f2767e5b9a3a842a070125e643369ed456&dn=[javdb.com]MIGD-501.wmv; magnet:?xt=urn:btih:68ad908e926d9dc847b5816b6e034cd93b20f8b3&dn=[javdb.com]MIGD-501.wmv; magnet:?xt=urn:btih:2c3a96f806b8322e957ed0880f948ef87beff9b8&dn=[javdb.com]MIGD-501.wmv; magnet:?xt=urn:btih:770d9147cbee89ef871535f88d79d395367ffb88&dn=[javdb.com]MIGD-501-AV.wmv; magnet:?xt=urn:btih:a437887cf48129c2bbf559b4957c68f88db0385e&dn=[javdb.com]MIGD-501.wmv; magnet:?xt=urn:btih:847232a749c7d1a4886698bbd2c4702a266f4db8&dn=[javdb.com]MIGD-501; magnet:?xt=urn:btih:bcd3c28def190fcab4be23bf50452d0de3d17763&dn=[javdb.com]小馬@SIS001@[MIGD-501]2穴触手_～追憶の捜査官～; magnet:?xt=urn:btih:e973bfaba4f0264b88e28090249f18f62c245e5c&dn=[javdb.com]MIGD-501; magnet:?xt=urn:btih:4ec075899587973599368c2ffcffb95a28342bd2&dn=[javdb.com][javtorrent.biz]_migd-501; magnet:?xt=urn:btih:501db9cf5115d805af4fc17683ee56d62523abb2&dn=[javdb.com][MIGD-501]2穴触手_～追憶の捜査官～; magnet:?xt=urn:btih:e26958ba8b53dd3d4322fa0650a7c18abc5b38de&dn=[javdb.com]第一會所新片@SIS001@(MOODYZ)(MIGD-501)2穴触手_～追憶の捜査官～長澤あずさ; magnet:?xt=urn:btih:0c091dead4865491641b03ff0e73af9ea675d4ff&dn=[javdb.com]im-520@SIS001@MIGD-501; magnet:?xt=urn:btih:f1aadcff2b4ad7728715e8409c4e99a54762bec9&dn=[javdb.com]疯魔舞@www.SexInSex.net@MIGD-501; magnet:?xt=urn:btih:f822a766110e37edd49d35909816ffbae317f4b4&dn=[javdb.com]MIGD-501-[24-jav.net].wmv; magnet:?xt=urn:btih:51893e00e3b39893d179d0e5c2db4ee1cb5ba36e&dn=[javdb.com]javset.com-MIGD-501.WMV
PZD-008 真想跟這樣的女人大玩乳砲挾射 直接在乳溝中盡情中出 長澤梓 顯示原標題,長澤あずさ,2013-03-08,PZD-008,https://javdb564.com/v/MmQDR,ドリームチケット,4.34,120 分鍾,magnet:?xt=urn:btih:a27b3510f41fb9e93fba6801bcd4da1b353ed1a3&dn=[javdb.com]PZD-008,magnet:?xt=urn:btih:a27b3510f41fb9e93fba6801bcd4da1b353ed1a3&dn=[javdb.com]PZD-008; magnet:?xt=urn:btih:8282b6fc8df470c433899185278cdc08d8c5526f&dn=[javdb.com]PZD-008.wmv; magnet:?xt=urn:btih:74f2c8810e38cdc017410b843e25335167e77dce&dn=[javdb.com]PZD-008-AV.wmv; magnet:?xt=urn:btih:6ef969b62e8f2c77452fe6f83947aaf99d490fb9&dn=[javdb.com]HD-PZD-008; magnet:?xt=urn:btih:9c64a733741860cc5f4a2f049301ae767afcd2b4&dn=[javdb.com]PZD-008.wmv; magnet:?xt=urn:btih:82a4ba9c4b0f401d43e56222f05923d25ff6af2c&dn=[javdb.com]PZD-008; magnet:?xt=urn:btih:5f442ea31d25cc62bef25deeb849e37ea4205ccd&dn=[javdb.com]PZD-008-AVI; magnet:?xt=urn:btih:bdcc8f5beea9acf80ca22adb4f35b3e2e7fcaa41&dn=[javdb.com]第一會所新片@SIS001@(ドリームチケット)(PZD-008)こんな女に挟射したい_谷間マ●コにそのまま中出し_長澤あず; magnet:?xt=urn:btih:7963f29bcbfc5a7810a71d5b16ac3bdd29c2c39e&dn=[javdb.com]PZD-008-AVI; magnet:?xt=urn:btih:624d06106798eb764201f39f83edd849797475bf&dn=[javdb.com]疯魔舞@www.SexInSex.net@PZD-008; magnet:?xt=urn:btih:98bfd144b3b9e1ebac6556b86c8568105d345c0a&dn=[javdb.com]【性吧论坛.com】PZD-008 KONNANVNIJI; magnet:?xt=urn:btih:e2dc011705ec1a07ce81fc6a7c7c4ddb1592bb7f&dn=[javdb.com]javset.com-PZD-008.WMV
HBAD-211 男ばかりの家庭で50過ぎの親父が若い巨乳女と再婚、息子4兄弟は大興奮！隠れて巨乳義母と発情しまくり,長澤あずさ,2013-03-07,HBAD-211,https://javdb564.com/v/d4WA0,ヒビノ,3.97,120 分鍾,magnet:?xt=urn:btih:3f915be9e9cf407e2c1de2fdf14f5850a791ed81&dn=[javdb.com]HBAD-211-AV.avi,magnet:?xt=urn:btih:3f915be9e9cf407e2c1de2fdf14f5850a791ed81&dn=[javdb.com]HBAD-211-AV.avi; magnet:?xt=urn:btih:3594525e34406863bc7968fb9027800ec4381449&dn=[javdb.com]HBAD-211; magnet:?xt=urn:btih:2c0b871a7f8bac740175c02f635a335eb35f5188&dn=[javdb.com]HBAD-211 年輕的巨乳女再婚，兒子4兄弟大興奮！與巨乳繼母一個勁地發情[中文字幕]; magnet:?xt=urn:btih:444352d01884095247ccbae1c9142fa77d17424c&dn=[javdb.com]第一會所新片@SIS001@(BABE)(HBAD-211)男ばかりの家庭で50過ぎの親父が若い巨乳女と再婚、息子4兄弟は大興奮！隠れて巨乳義母と発情しまくり; magnet:?xt=urn:btih:c278606cef7aa01d5500f34a60a6a3369ac13bb2&dn=[javdb.com]第一會所新片@SIS001@(BABE)(HBAD-211)男ばかりの家庭で50過ぎの親父が若い巨乳女と再婚、息子4兄弟は大興奮！隠れて巨乳義母と発情しまくり; magnet:?xt=urn:btih:79c655a58e096acbdd8493ef7b85a5a734c8485b&dn=[javdb.com]50.HBAD-211 年輕的巨乳女再婚，兒子4兄弟大興奮！與巨乳繼母一個勁地發情[中文字幕]; magnet:?xt=urn:btih:506bcbddb92ff4a26f9b98d0f5ec58e0762f492a&dn=[javdb.com]im-520@SIS001@HBAD-211; magnet:?xt=urn:btih:4b66a68352b44575ffe2ad996e28b177bd531080&dn=[javdb.com]im-520@SIS001@HBAD-211; magnet:?xt=urn:btih:1cc44b167d0466281f8c11e13368f6e222c6e902&dn=[javdb.com]seducer-@www.sexinsex.net@HBAD-211
GG-165 表弟的巨乳媳婦 長澤梓 顯示原標題,長澤あずさ,2013-03-07,GG-165,https://javdb564.com/v/NwVNG,Glory Quest,4.5,110 分鍾,magnet:?xt=urn:btih:2e6e0b14114034f110a7b8084f31b775f6efd31f&dn=[javdb.com]gg-165-C.torrent,magnet:?xt=urn:btih:2e6e0b14114034f110a7b8084f31b775f6efd31f&dn=[javdb.com]gg-165-C.torrent; magnet:?xt=urn:btih:0f6b0dff97b88c93c4580e2d07bd5031622313c2&dn=[javdb.com]GG-165.wmv; magnet:?xt=urn:btih:4e334658b273f242df062eaefee1119d3cdaf8f3&dn=[javdb.com]GG-165.mp4; magnet:?xt=urn:btih:728fe3dce5ad116554cbadd77e476c2c23ed559d&dn=[javdb.com]GG-165; magnet:?xt=urn:btih:f820d5c0d76a88df4c809500c1c822d5cd3506f6&dn=[javdb.com]GG-165-AVI; magnet:?xt=urn:btih:043fa93c255096ca6921db3b2560b05b3db3205d&dn=[javdb.com]GG-165; magnet:?xt=urn:btih:607f1f79942f35204f4e2bb66ff4c513f0333205&dn=[javdb.com]GG-165; magnet:?xt=urn:btih:80268574b6ea3f05c7f3eff9bfcd504d1651ecca&dn=[javdb.com]GG-165; magnet:?xt=urn:btih:8cbfac0d0f95a150c1c2556b3ebd6e84ce22b3de&dn=[javdb.com]GG-165; magnet:?xt=urn:btih:ce4078ab856123ab5ce54d20d58da73f1ad6ecfb&dn=[javdb.com][GG-165] Azusa Nagasawa; magnet:?xt=urn:btih:91c1689ccba7e109904e22be9e7dcf5e5f6dd2f9&dn=[javdb.com]Azusa Nagasawa - Buxom wench bride of the cousin [GG-165]; magnet:?xt=urn:btih:84427665bd758536a08827f78928c7ebdf32a4c0&dn=[javdb.com][javtorrent.biz]_GG-165; magnet:?xt=urn:btih:8b78b9c1f0c0500edc240db702c0017acdb5d6b4&dn=[javdb.com]第一會所新片@SIS001@(GLORY_QUEST)(GG-165)いとこの巨乳嫁_長澤あずさ; magnet:?xt=urn:btih:88291a310ccff0c9bcb806948cfcd2972ff3cdc5&dn=[javdb.com]GG-165; magnet:?xt=urn:btih:2cef5c4ad7030e1bc1cbb72125587a45d62a67a5&dn=[javdb.com]第一會所新片@SIS001@(GG-165) いとこの巨乳嫁 長澤あずさ; magnet:?xt=urn:btih:42966727674af7484db845554e8d4462f2a59c07&dn=[javdb.com]im-520@SIS001@GG-165
CRC-071 憧れの超人気AV女優『長澤あずさ』を筆おろし風俗『デリヘル 乳輪堂』で発見！,長澤あずさ,2013-02-22,CRC-071,https://javdb564.com/v/wqPJz,チェリーズ,4.53,150 分鍾,magnet:?xt=urn:btih:979c79f6307289202f30e580f3ecdba88f954a2d&dn=[javdb.com]crc-071.wmv,magnet:?xt=urn:btih:979c79f6307289202f30e580f3ecdba88f954a2d&dn=[javdb.com]crc-071.wmv; magnet:?xt=urn:btih:b45f461d35ce05138a7f3e80793e21eaa804bd92&dn=[javdb.com]CRC-071; magnet:?xt=urn:btih:53e55430fc5b88d8e9aaa028568a0ad3a76e2ec7&dn=[javdb.com]CRC-071; magnet:?xt=urn:btih:0296891b6e4adda66586628a4add466efe1391a9&dn=[javdb.com]CRC-071-AVI; magnet:?xt=urn:btih:2257ea954b6abfc80db5866dfcea6ccfe4026651&dn=[javdb.com]【WRE】CRC-071 chongrenoch; magnet:?xt=urn:btih:69d5be66619121af71190683d992716637fe52cd&dn=[javdb.com]CRC-071; magnet:?xt=urn:btih:50c75530ad4d09354194cc24ce204fe75f17c5f0&dn=[javdb.com]Azusa Nagasawa - Discover in a writing brush lowering manners and customs delivery health [CRC-071]; magnet:?xt=urn:btih:63aca23b0fa30e467aa3ad879760ff5ef21674a6&dn=[javdb.com]第一會所新片@SIS001@(ちぇりーこーく)(CRC-071)憧れの超人気AV女優『長澤あずさ』を筆おろし風俗『デリヘル_乳輪堂』で発見！長澤あずさ
GOTV-001 若妻お宅訪問 長澤あずさ,長澤あずさ,2013-02-12,GOTV-001,https://javdb564.com/v/y3PNW,GOT,4.22,64 分鍾,magnet:?xt=urn:btih:49026617b21e7fdbf64c2cdc23089b5cd46504d3&dn=[javdb.com]GOTV-001.mp4,magnet:?xt=urn:btih:49026617b21e7fdbf64c2cdc23089b5cd46504d3&dn=[javdb.com]GOTV-001.mp4; magnet:?xt=urn:btih:e59ed266eddfeed7cc43ad4ec9173475205d9536&dn=[javdb.com]【WRE】GOTV-001 ruoqiozhai; magnet:?xt=urn:btih:94802bb07fcb18447cae324bb51e6cc59f0a36ea&dn=[javdb.com]GOTV-001; magnet:?xt=urn:btih:0617d4bce3a060621843274931318800e0e053ae&dn=[javdb.com]第一會所新片@SIS001@(Bejean)(GOTV-001)若妻お宅訪問_長澤あずさ
SBVD-0170 Real X/長澤あずさ,長澤あずさ,2013-01-25,SBVD-0170,https://javdb564.com/v/B8GZ6,彩文館出版,4.46,70 分鍾,magnet:?xt=urn:btih:855b131dbac0aed9c1267ddb99f326e9101d7e4c&dn=[javdb.com]SBVD-0170.mp4.torrent,magnet:?xt=urn:btih:855b131dbac0aed9c1267ddb99f326e9101d7e4c&dn=[javdb.com]SBVD-0170.mp4.torrent; magnet:?xt=urn:btih:0b7cf1d053f9a90705fda36e1f75b7151e509b4e&dn=[javdb.com]SBVD-0170-AV.mp4.torrent; magnet:?xt=urn:btih:114aaa3f2381a20fa4cb24cc42b60f2d701bb5b1&dn=[javdb.com]SBVD-0170.torrent; magnet:?xt=urn:btih:d3bd8a8512b9d1015b27a538db1e2debc8e18690&dn=[javdb.com][SBVD-0170] Real X-Azusa Nagasawa.torrent; magnet:?xt=urn:btih:1cc6e3ee403effaa7e62dfa6b2aed6c4a9489133&dn=[javdb.com]SBVD-0170.torrent; magnet:?xt=urn:btih:9f18244d54d5e30706a9ff52be781fde12527a10&dn=[javdb.com]【sharemovie】【sex8.cc】sbvd-0170 -丰满的青少年女孩桃子馅饼软核.torrent
TMDI-032 偷情對象是「I罩杯爆乳癡女淫亂人妻」這樣的藝術品 顯示原標題,長澤あずさ,2012-11-23,TMDI-032,https://javdb564.com/v/5E2w9,バルタン,4.13,120 分鍾,magnet:?xt=urn:btih:1763f819b9011a361eae788e3a0023635d92482b&dn=[javdb.com]TMDI-032-C.torrent,magnet:?xt=urn:btih:1763f819b9011a361eae788e3a0023635d92482b&dn=[javdb.com]TMDI-032-C.torrent; magnet:?xt=urn:btih:386530b72f6a84554960ff75a54efc81fabd5f44&dn=[javdb.com][TMDI-032] Affair With a Lewd Busty Young Wife (Azusa Nagasawa [長澤あずさ]) – BALTAN.avi; magnet:?xt=urn:btih:38db09cbd1af18cbc93ed7182a7cf5b77ca15e71&dn=[javdb.com]TMDI-032 AVI@THMS; magnet:?xt=urn:btih:27484f87112e5e4e32244e55d8a7ea28f12b16ff&dn=[javdb.com]TMDI-032.avi; magnet:?xt=urn:btih:82047316beb0dbdf80501d03f699917ec02e9a1b&dn=[javdb.com]23.tmdi-032; magnet:?xt=urn:btih:fcff78a32be83dc03757a40118f1e9372352c862&dn=[javdb.com]TMDI-032-AVI; magnet:?xt=urn:btih:fc66918c724856861964cd79ffc0c5b02c060ecd&dn=[javdb.com][TMDI-032] Azusa Nagasawa – I’m Having An Affair With a Lascivious and Lewd Busty Young Wife With An I-Cup Who’s Like a Work of Art; magnet:?xt=urn:btih:69a93059a708490a6f783e24d0a3211221bc4b5b&dn=[javdb.com]olo@SIS001@tmdi-032; magnet:?xt=urn:btih:d195319da1856351795e37803af3096e5c6630a8&dn=[javdb.com]chikan@T66Y@TMDI-032; magnet:?xt=urn:btih:5116aad97aa4ad44443f083ed9c66953883b08c5&dn=[javdb.com]olo@SIS001@tmdi-032; magnet:?xt=urn:btih:99ab11bc9cb3d6942010019c71ab1e690a6d3b9e&dn=[javdb.com]tmdi-032; magnet:?xt=urn:btih:2a35fb22042c6c80e6af9add76fce4f2f559ceca&dn=[javdb.com]TMDI-032@computerking-123@www.SexInSex; magnet:?xt=urn:btih:7ce3b7d331124763eed9030a8f0c2e426219fdee&dn=[javdb.com]Azusa Nagasawa - Cheating partner is the name of art called Nasty Slut Wife Tits I Cup [TMDI-032]; magnet:?xt=urn:btih:1c993a06d04a59a193f76dca17a676c5f23d3128&dn=[javdb.com]javset.com-TMDI-032.avi
HTMS-015 69 （やる！） 長澤あずさ,長澤あずさ,2012-10-13,HTMS-015,https://javdb564.com/v/E2BD0,FAプロ・プラチナ,4.53,90 分鍾,magnet:?xt=urn:btih:02b79819fc23e9019c8cf01e4395360da7c2d386&dn=[javdb.com]htms-015.wmv,magnet:?xt=urn:btih:02b79819fc23e9019c8cf01e4395360da7c2d386&dn=[javdb.com]htms-015.wmv; magnet:?xt=urn:btih:3f8ef23691c83d13812e45727512ce45367fc553&dn=[javdb.com]htms-015.wmv; magnet:?xt=urn:btih:054077a2ef360c903fe0efb700f66658ebdc3019&dn=[javdb.com]HTMS-015; magnet:?xt=urn:btih:78bcc03cd02101372bb85455d298dc721040ffce&dn=[javdb.com][Initial D] HTMS-015; magnet:?xt=urn:btih:a7470ff0fedef66bc5d7cbcbcbe839ea393bf706&dn=[javdb.com]Azusa Nagasawa - 69 (do it!) [HTMS-015]; magnet:?xt=urn:btih:d0047a19aa3d65cbff8129186dad2037c85d286c&dn=[javdb.com]htms-015
ALD-569 史上最強の淫乱アイドル 長澤あずさ 二穴同時挿入・真性生中出し ゴールデンベスト4時間,長澤あずさ,2012-10-07,ALD-569,https://javdb564.com/v/QVKdn,桃太郎映像出版,4.1,240 分鍾,magnet:?xt=urn:btih:8773d62d37538d7f4e3db0ff798a1b3d1afba36a&dn=[javdb.com]ALD-569.avi,magnet:?xt=urn:btih:8773d62d37538d7f4e3db0ff798a1b3d1afba36a&dn=[javdb.com]ALD-569.avi; magnet:?xt=urn:btih:adefd30f66dfec8b184195c6722c2c7e9c1a292e&dn=[javdb.com]ald-569_1.wmv; magnet:?xt=urn:btih:273ec45de1247ed86a51086cb5e49fe1095a4458&dn=[javdb.com]ald-569_2.wmv; magnet:?xt=urn:btih:d7d26cac039eb5258c746add2e502b1d243c4d41&dn=[javdb.com]公主殿下@sis001@ald-569_1; magnet:?xt=urn:btih:2211761342b4407078d8f84a63d8e995f36d65d3&dn=[javdb.com]ALD-569; magnet:?xt=urn:btih:b6965e92412d80dab05239c8e82b45701476823c&dn=[javdb.com]ALD-569; magnet:?xt=urn:btih:37681a65945573fd2a2b074f7285efc7286b7ae2&dn=[javdb.com]ALD-569-MP4; magnet:?xt=urn:btih:f4ed04477d058c7712727cbe74fa1b9090653878&dn=[javdb.com]littlefatbee@www.sexinsex.net@ALD-569
GG-110 認真過頭的爆乳家政婦 長澤梓 顯示原標題,長澤あずさ,2012-10-04,GG-110,https://javdb564.com/v/XW2be,Glory Quest,4.27,135 分鍾,magnet:?xt=urn:btih:21a7f6fa049b3527fc362242e9dc9870b36b753b&dn=[javdb.com]GG-110-C.torrent,magnet:?xt=urn:btih:21a7f6fa049b3527fc362242e9dc9870b36b753b&dn=[javdb.com]GG-110-C.torrent; magnet:?xt=urn:btih:abf4b81afb164423b002ca8665d865729138cd75&dn=[javdb.com]GG-110(中文字幕).rmvb; magnet:?xt=urn:btih:d54f4e0744a5a895a735884ea5a18765684a78de&dn=[javdb.com]GG-110; magnet:?xt=urn:btih:f9700351cea55cdf8a414c83aa926a59537310b5&dn=[javdb.com]GG-110.avi; magnet:?xt=urn:btih:3d62cd48c0927852aaaf7b7ed1ed0f3985883691&dn=[javdb.com]GG-110.avi; magnet:?xt=urn:btih:d4eeb2a5b8a168f233259e6a7817172b4ad15501&dn=[javdb.com]Azusa Nagasawa – Busty Housekeeper Who’s So Devoted to Her Work [GG-110].avi; magnet:?xt=urn:btih:4597d52cf72f04faba691b3d66f277fb4699073e&dn=[javdb.com]GG-110.avi; magnet:?xt=urn:btih:258449ed6c1a8c78d12c13f44e37f0a884d770e2&dn=[javdb.com]gg-110.avi; magnet:?xt=urn:btih:7bc79873dc74614c184f5b656ddbe4a6ae0abc01&dn=[javdb.com]gg-110.avi; magnet:?xt=urn:btih:975ca4ec1c64cf13795774d601d22f778a3c459f&dn=[javdb.com]GG-110-MP4; magnet:?xt=urn:btih:de87550c0daef0e4cc16f9c1ccd79aa1e5c91b1f&dn=[javdb.com]21.gg-110; magnet:?xt=urn:btih:69a73d81a8c42cf15eff2b647016a5fccdecb2ed&dn=[javdb.com]GG-110; magnet:?xt=urn:btih:11725219cc3a46ed1958f6ef9248fab5f0a9c0bf&dn=[javdb.com]招财小葫芦@第一會所@gg-110; magnet:?xt=urn:btih:c1b987a9e0475c733127a38916cfd93b4c6eeef6&dn=[javdb.com]1002-gg-110; magnet:?xt=urn:btih:995a3fa0946ac79c106a5b75e52c64af4bc70b65&dn=[javdb.com]GG-110(中文字幕); magnet:?xt=urn:btih:11ba513e0ac70c4304f63208b99b3ba801017fa2&dn=[javdb.com]GG-110-AVI; magnet:?xt=urn:btih:4dc10c86aec09d8c6cd407a91df6618790339521&dn=[javdb.com]【WRE】GG-110 zhenmianmuhu; magnet:?xt=urn:btih:cc5a037edbfc7a9201a38771809bf5fec6a3824a&dn=[javdb.com]GG-110.長澤梓.目過ぎる爆乳家政婦 長澤あずさ; magnet:?xt=urn:btih:74fee57bc7c79028a36fd2854ec2dbfb7d1b036e&dn=[javdb.com]GG-110(中文字幕); magnet:?xt=urn:btih:339836c7804e376a01a40b9a78a21162d43db6c4&dn=[javdb.com]GG-110; magnet:?xt=urn:btih:41bd7edbe8ccd98d07fb8b6da9edec8d3b44487e&dn=[javdb.com]GG-110 超認真的爆乳女幫傭 - 長澤梓(中文字幕); magnet:?xt=urn:btih:0e778462f1f196a5148779f855fac1ce7d4c149e&dn=[javdb.com]84.GG-110(中文字幕); magnet:?xt=urn:btih:9ff41d563ea4254f179ef158a76c29048e4a4969&dn=[javdb.com]shuangyuboy@第一會所@GG-110; magnet:?xt=urn:btih:8478a80a11d7125e828cd23fa3db3a8e5f5b56f8&dn=[javdb.com]im-520@SIS001@GG-110; magnet:?xt=urn:btih:44ec3de544f3c810dcaf5a97ee030bfab099e82b&dn=[javdb.com]javset.com-GG-110.avi; magnet:?xt=urn:btih:4c9859643e3a69e0e0a398aa7b709ef4482907aa&dn=[javdb.com]【sharemovie】【sex8.cc】GG-110 - 彼女の仕事に専念巨乳ハウスキーパー。長澤あずさ; magnet:?xt=urn:btih:2e53ebeee0c88a78d6c6c6d78e5113efd1f4b447&dn=[javdb.com]gg-110 {JAVHIT.Com}.avi; magnet:?xt=urn:btih:7ffd0d2978216a1bb12c3c1f280a9966694cf431&dn=[javdb.com]happygjs-88@www.sexinsex.net@GG-110 爆乳家政妇 長澤あずさ [中文字幕]
MIAD-577 撥雲見日的屁眼黑洞 長澤梓 顯示原標題,長澤あずさ,2012-09-01,MIAD-577,https://javdb564.com/v/PQzDr,MOODYZ,4.44,120 分鍾,magnet:?xt=urn:btih:2be143d912761301cb7dec85d05271ddf551f6cc&dn=[javdb.com]MIAD-577-C.torrent,magnet:?xt=urn:btih:2be143d912761301cb7dec85d05271ddf551f6cc&dn=[javdb.com]MIAD-577-C.torrent; magnet:?xt=urn:btih:486c8ece2d451a57a0b6eca0ddfc6af01493654b&dn=[javdb.com]MIAD-577.wmv; magnet:?xt=urn:btih:04d0291a758ca9ab030f8949a3343187fa871ceb&dn=[javdb.com]miad-577.wmv; magnet:?xt=urn:btih:43e86e7032ef6418bb4e8ded3646be5786915d99&dn=[javdb.com]MIAD-577.avi; magnet:?xt=urn:btih:8bbea8d076da3403cea96678afc051c364d010e6&dn=[javdb.com][MOODYZ][miad-577].avi; magnet:?xt=urn:btih:3330805e45f3e652b19837b617a557c15ce0bdac&dn=[javdb.com]MIAD-577.mp4; magnet:?xt=urn:btih:689f5a877085725ee80a4919f0305a628f54db6e&dn=[javdb.com]公主殿下@sis001@miad-577; magnet:?xt=urn:btih:ea96d1d6b86e030ca1e8fe36bf73972d924b1006&dn=[javdb.com]MIAD-577-MP4; magnet:?xt=urn:btih:176fadb5a6dd2c1d8f8b6830aa3e865664f88cca&dn=[javdb.com]0902-miad-577; magnet:?xt=urn:btih:eefc9483ac539ba2a3ac15277c2f73b609b71f4f&dn=[javdb.com]MIAD-577-AVI; magnet:?xt=urn:btih:a66c6e268d115adda563076ef70b66dbb5c1aada&dn=[javdb.com]【WRE】MIAD-577 pocukarian; magnet:?xt=urn:btih:44c4d9f2a387a8c42af50d2c6872230a35685079&dn=[javdb.com]MIAD-577; magnet:?xt=urn:btih:865c45f2812f7de4e3fddd8419d7cf2a71a725b9&dn=[javdb.com]miad-577目瞪口呆後門sex 長澤梓; magnet:?xt=urn:btih:00f53c9cc53c48382ef05d013135604c5f507f7f&dn=[javdb.com]shuangyuboy@第一會所@[miad-577]ぽっかりアナルブラックホール~長澤あずさ; magnet:?xt=urn:btih:b87b9eeb8a2d08fd61f611f56c23cc53fccd22c7&dn=[javdb.com]囍@SexInSex.net@miad-577; magnet:?xt=urn:btih:79fe295916fe5f4ff9fce9f358b6d29db4d5111b&dn=[javdb.com]【羌管弄晴】【sex8.cc】MIAD-577後庭黑洞 長澤梓
ALB-179 加班夜想曲 安曇 顯示原標題,長澤あずさ,2012-09-01,ALB-179,https://javdb564.com/v/VwerX,胸キュン喫茶,4.52,120 分鍾,magnet:?xt=urn:btih:3d80dd0e00258d9f088d7f41509eff1b8db1694d&dn=[javdb.com][ALB-179] 残業ノクターン あずみ.torrent,magnet:?xt=urn:btih:3d80dd0e00258d9f088d7f41509eff1b8db1694d&dn=[javdb.com][ALB-179] 残業ノクターン あずみ.torrent; magnet:?xt=urn:btih:5ce6164cbc122c851f246cdac68a7fee71aeb454&dn=[javdb.com]ALB-179.wmv.torrent; magnet:?xt=urn:btih:1a834e8b0131d166bbb768a4d8f7a57f6358eaf8&dn=[javdb.com]ALB-179.wmv.torrent; magnet:?xt=urn:btih:c1c20d8e5549ff69a6d9026e2987e7be9b8ac158&dn=[javdb.com]ALB-179.wmv.torrent; magnet:?xt=urn:btih:6276e1f03d19066456498b89ad625d03003f1f46&dn=[javdb.com]alb-179.wmv.torrent; magnet:?xt=urn:btih:ed28dc24726032444b9460dcc8051bb1e67f5e6b&dn=[javdb.com]ALB-179.torrent; magnet:?xt=urn:btih:8d32a20e1279e09256947b0cdc0a1a31a401e8a9&dn=[javdb.com]ALB-179.mp4.torrent; magnet:?xt=urn:btih:b8826c3df31ef1acd8ae4178cd5d2ecda2611d08&dn=[javdb.com]ALB-179 加班夜想曲[中文字幕].torrent
SMA-632 1日だけのスぺシャルご奉仕 ファン中出し感謝祭 アナル編 長澤あずさ,長澤あずさ,2012-07-13,SMA-632,https://javdb564.com/v/bA81P,マルクス兄弟,4.04,120 分鍾,magnet:?xt=urn:btih:1028d520680836a1aeef49550775db46e9af7efa&dn=[javdb.com]sma-632.wmv,magnet:?xt=urn:btih:1028d520680836a1aeef49550775db46e9af7efa&dn=[javdb.com]sma-632.wmv; magnet:?xt=urn:btih:d061fa39ea05c9461b6c82ea166acdd9765e1690&dn=[javdb.com]sma-632.wmv; magnet:?xt=urn:btih:4762c7dfd2dfded69f17f9e9ac1c7b50e5007816&dn=[javdb.com]SMA-632.wmv; magnet:?xt=urn:btih:5b7403d16b70df766bd84e545ecc56df83e60a16&dn=[javdb.com]公主殿下@第一會所@sma-632; magnet:?xt=urn:btih:06d81e1099e54352feea714339b2459afd3f7680&dn=[javdb.com]【WRE】SMA-632 1ridafengsh; magnet:?xt=urn:btih:75afbd045a77176eab9f43b8bf43f2ec20b85764&dn=[javdb.com]【TXH】SMA-632 1ridakenosu; magnet:?xt=urn:btih:b730e8c12b889163a91a9038f52eb26a367e3ac8&dn=[javdb.com]sma-632; magnet:?xt=urn:btih:a8acb0e0cb2ef8e933953a5f2a81ef4656a80cf9&dn=[javdb.com]SMA-632 Azusa Nagasawa - Fans Visit; magnet:?xt=urn:btih:e8b6157c92c9e9308c4a995ebb5cc7c8d43e4f28&dn=[javdb.com]#_SMA-632; magnet:?xt=urn:btih:6fd09e218314995c7d97ede02d4d412319a91e8d&dn=[javdb.com]复活126@第一会所@SMA-632; magnet:?xt=urn:btih:afba805cd8be5ce92f01eee0a7454a89f9441bfe&dn=[javdb.com]shuangyuboy@第一會所@[SMA-632]_1日だけのスぺシャルご奉仕_ファン中出し感谢祭_ア
RCT-418 電流アクメ 10 ～2穴アナル中出し電極責めFUCK～ 長澤あずさ,長澤あずさ,2012-07-05,RCT-418,https://javdb564.com/v/nebN4,ROCKET,4.29,130 分鍾,"magnet:?xt=urn:btih:d34f84708f9cf0f496cedbc6988125ef69f1a320&dn=[javdb.com]나가사와 아즈사 Azusa Nagasawa (長澤あずさ) RCT-418 진동기, 사카시, 애널 3P.avi.torrent","magnet:?xt=urn:btih:d34f84708f9cf0f496cedbc6988125ef69f1a320&dn=[javdb.com]나가사와 아즈사 Azusa Nagasawa (長澤あずさ) RCT-418 진동기, 사카시, 애널 3P.avi.torrent"
FSET-376 美味口交→吞精與性愛 長澤梓 顯示原標題,長澤あずさ,2012-07-05,FSET-376,https://javdb564.com/v/O2JG8,アキノリ,4.5,180 分鍾,magnet:?xt=urn:btih:f673c0ce06f7bfc933579c5988c9f7aa8df8597d&dn=[javdb.com]FSET-376.avi,magnet:?xt=urn:btih:f673c0ce06f7bfc933579c5988c9f7aa8df8597d&dn=[javdb.com]FSET-376.avi; magnet:?xt=urn:btih:cda4ab38bcc6b30dfe6a16eb8d5741ca42da9fb4&dn=[javdb.com]FSET-376.avi; magnet:?xt=urn:btih:dc5f7cc6ac151e712bdcec9e7f207b2ff29421a6&dn=[javdb.com]Azusa Nagasawa - Sex Then Blowjob To Cum [FSET-376].mp4; magnet:?xt=urn:btih:650875adf1e23dd82252989ce785023d96be3fb0&dn=[javdb.com]FSET-376.mp4; magnet:?xt=urn:btih:c2ef6d42dee891750fb71fd82b3ff7f46a5cf17f&dn=[javdb.com]公主殿下@第一會所@FSET-376; magnet:?xt=urn:btih:ff1e4ffe2bd692dcfa78ebaf989c56d4cf121370&dn=[javdb.com]Jav.li_fset-376; magnet:?xt=urn:btih:47a96a96b64454910c983a2541f59284246c6064&dn=[javdb.com]【淫满魔女】FSET-376 YINMAN; magnet:?xt=urn:btih:956cf3a23266521e414021c10ac5ecc760437104&dn=[javdb.com]FSET-376; magnet:?xt=urn:btih:91e1a935bdf7b593e32d37a097e4ff320c80a13e&dn=[javdb.com]FSET-376 AVI; magnet:?xt=urn:btih:2a6e41411f53192b344bfbda3df4d02de97d14f6&dn=[javdb.com]FSET-376 Azusa Nagasawa - Sex The Blowjob To Cum; magnet:?xt=urn:btih:faecb9e2107a9c15f6c9c885ef86ff690ff9a143&dn=[javdb.com]im-520@www.SexInSex.net@FSET-376
WNZ-468 二穴中出しFUCK 長澤あずさ,長澤あずさ,2012-06-15,WNZ-468,https://javdb564.com/v/NwVDZ,ワンズファクトリー,4.19,120 分鍾,magnet:?xt=urn:btih:e363245924aaf28adc50eccbc9bae3d4a8e2ffe5&dn=[javdb.com]wnz-468.rar,magnet:?xt=urn:btih:e363245924aaf28adc50eccbc9bae3d4a8e2ffe5&dn=[javdb.com]wnz-468.rar; magnet:?xt=urn:btih:ad2e07e3394e695af4c1d7d8f146f13c106666d9&dn=[javdb.com]WNZ-468.wmv; magnet:?xt=urn:btih:49bf6a977060255ccddcbe6d92c405e64e38055f&dn=[javdb.com]Azusa Nagasawa - Double Penetration Fuck [WNZ-468].wmv; magnet:?xt=urn:btih:dead9a6c686888e93a59ba922980cf7747e5eb87&dn=[javdb.com]WNZ-468 Azusa Nagasawa - Double Penetration Fuck; magnet:?xt=urn:btih:184199455bae26605ec68767463110674972a496&dn=[javdb.com]复活126@第一会所@WNZ-468; magnet:?xt=urn:btih:617183f73c5862929afc1167a3ad1f04ed0a73c3&dn=[javdb.com]wnz-468; magnet:?xt=urn:btih:0734fafffe9abc772e2d0b5f8b1ab362823a15d2&dn=[javdb.com]WNZ-468; magnet:?xt=urn:btih:be4b75351bc8bae806c2f8c7c193b6307a1e1928&dn=[javdb.com]WNZ-468 Azusa Nagasawa - Double Penetration Fuck
KUMD-013 スーパーデジタルモザイク AZUSA 絶叫！！全穴貫通入れっぱなし！！極上SOAP×アナルFUCK×浣腸,長澤あずさ,2012-06-07,KUMD-013,https://javdb564.com/v/GMyDJ,桃太郎映像出版,4.52,150 分鍾,magnet:?xt=urn:btih:e46d95f5cb877d85e4719019bb61fe3d147b3a9b&dn=[javdb.com]kumd-013.wmv,magnet:?xt=urn:btih:e46d95f5cb877d85e4719019bb61fe3d147b3a9b&dn=[javdb.com]kumd-013.wmv; magnet:?xt=urn:btih:a1b7c5c1def56882836b18be7ed669b5bf79a258&dn=[javdb.com]Azusa Nagasawa - Highest SOAP X Anal FUCK X Enema [KUMD-013]; magnet:?xt=urn:btih:c24a939c37ca4a58c5f55f5e2f72b7812eb82910&dn=[javdb.com]复活126@第一会所@KUMD-013; magnet:?xt=urn:btih:0583f31baab93a4606dc169295081411d0facfe6&dn=[javdb.com]第一會所新片@SIS001@(DUKE)(KUMD-013)スーパーデジタルモザイク_AZUSA_絶叫！！全穴貫通入れっぱな; magnet:?xt=urn:btih:c7572a0abb670aa59f8469c698d4a7e17f313e9a&dn=[javdb.com]KUMD-013 スーパーデジタルモザイク 絶叫！！全穴貫通入れっぱなし！！極上SOAP×アナルFUCK×浣腸 AZUSA 長澤あずさ
ZONO-065 豐滿的爆乳少妻不善拒絕被人狂幹到爽！ 長澤梓 顯示原標題,長澤あずさ,2012-05-25,ZONO-065,https://javdb564.com/v/9DMP6,Fantasista,4.3,120 分鍾,magnet:?xt=urn:btih:5ba0d890f6e56712daf56fa4ec07e7a7e13637b1&dn=[javdb.com]Azusa Nagasawa – Busty Young Wife’s Boobs Get Felt Up and Being So Easy [ZONO-065],magnet:?xt=urn:btih:5ba0d890f6e56712daf56fa4ec07e7a7e13637b1&dn=[javdb.com]Azusa Nagasawa – Busty Young Wife’s Boobs Get Felt Up and Being So Easy [ZONO-065]; magnet:?xt=urn:btih:d415e5a4da61d846cc5de178307eebed6f98a9d5&dn=[javdb.com]Azusa Nagasawa – Busty Young Wife’s Boobs Get Felt Up and Being So Easy [ZONO-065].avi; magnet:?xt=urn:btih:116e6cc0d320a748ef70a21c5854af64b338b3d0&dn=[javdb.com]ZONO-065-MP4; magnet:?xt=urn:btih:3c6e0b95484a59910281959383bb3463c920552d&dn=[javdb.com]ZONO-065-MP4; magnet:?xt=urn:btih:020a40366884dfc0060c79ab091f3e5e66f620ac&dn=[javdb.com]ZONO-065 AVI; magnet:?xt=urn:btih:1677a439bbbf775849f5c9ba8f4b6a6acda86482&dn=[javdb.com]公主殿下@第一會所@ZONO-065; magnet:?xt=urn:btih:0257fa9d4249f572562268bef12e0c0889c9ad5c&dn=[javdb.com]【WRE】ZONO-065 baoruruoao; magnet:?xt=urn:btih:ed601d91c6dddc17e96db8cc8d64dc308024ea6a&dn=[javdb.com]luosheng-920@ZONO-065_FHD; magnet:?xt=urn:btih:56a3f24c10eec475579e891c35c94dcd01a0e426&dn=[javdb.com]ZONO-065
SERO-0127 息子のチ○ポが夢精する瞬間を見た母はもうガマンできない 長澤あずさ,長澤あずさ,2012-05-25,SERO-0127,https://javdb564.com/v/8VpnV,EROTICA,4.48,115 分鍾,magnet:?xt=urn:btih:9b33d89180ada2d6c3839c3af4cd12cd168ab90c&dn=[javdb.com]sero-127-C.torrent,magnet:?xt=urn:btih:9b33d89180ada2d6c3839c3af4cd12cd168ab90c&dn=[javdb.com]sero-127-C.torrent; magnet:?xt=urn:btih:330c96476b3769e3ece6e735d455f36ca46ee6ae&dn=[javdb.com]sero-0127.avi; magnet:?xt=urn:btih:b2dca584aa4a538c515e401bc3ccf02fd95b981b&dn=[javdb.com]sero-0127.avi; magnet:?xt=urn:btih:0f11cfb51be965f20117317958bf29eff9cf5789&dn=[javdb.com]SERO-0127 看见儿子喷精而无法忍耐的淫荡巨乳母亲 长泽梓 中文字幕版本+高清版; magnet:?xt=urn:btih:955aad6512edfcacfa39d8e2459ac1086efa6862&dn=[javdb.com]SERO-0127 看见儿子喷精而无法忍耐的淫荡巨乳母亲 长泽梓 中文字幕版本+高清版; magnet:?xt=urn:btih:6cd9bb78c318a8cbe6502026ba7a525535872018&dn=[javdb.com]【WRE】SERO-0127 xizipogam; magnet:?xt=urn:btih:a3df2415baab47d93343a75d6e7830b39eea2907&dn=[javdb.com]SERO-0127; magnet:?xt=urn:btih:bc22b9a85d5a9544b291e26adb0e7f6f0b2a3cbf&dn=[javdb.com]SERO-0127; magnet:?xt=urn:btih:ad66711b0eb4f423bf19e7e15bca3d06d710b896&dn=[javdb.com]SERO-0127; magnet:?xt=urn:btih:861a496d27dbef63d99cf2049347f68e16eed44b&dn=[javdb.com][SERO-0127] Nagasawa Azusa [Azusa Nagasawa Mother Saw The Moment Of His Son]; magnet:?xt=urn:btih:b6b30412c33ebbd9abfe6aeb3996c8413cd4b54f&dn=[javdb.com]+++SERO-0127; magnet:?xt=urn:btih:279d8c90e2f26e00a71b2411599b1ecce076cc49&dn=[javdb.com]+++SERO-0127; magnet:?xt=urn:btih:304417a8da8795471593a20d0481a03c8185afbe&dn=[javdb.com]SERO-0127; magnet:?xt=urn:btih:9fed0aa2ee2cd892cf3a52b21a1066a726ea04ce&dn=[javdb.com]SERO-0127; magnet:?xt=urn:btih:9330c5b46aa479d23e0aace394a6b79af13d9b46&dn=[javdb.com]SERO-0127; magnet:?xt=urn:btih:9f86ae91a15c8314ee023f6a61ab9ca547f0f758&dn=[javdb.com]SERO-0127; magnet:?xt=urn:btih:4c7c88450ea84aa4b6da6030b86b7fa84b83c282&dn=[javdb.com]SERO-0127
DJE-029 ナカダシby女教師 長澤あずさ,長澤あずさ,2012-05-18,DJE-029,https://javdb564.com/v/76Zgb,ワープエンタテインメント,4.3,130 分鍾,magnet:?xt=urn:btih:887ec340c8adbc657fd15296da55894eb3f6df57&dn=[javdb.com]DJE-029.wmv,magnet:?xt=urn:btih:887ec340c8adbc657fd15296da55894eb3f6df57&dn=[javdb.com]DJE-029.wmv; magnet:?xt=urn:btih:8acbd5526219b6320f90b886a1321f09dfc26525&dn=[javdb.com]DJE-029.wmv; magnet:?xt=urn:btih:216bdbc385cc868c81f48bed7249c6ca3c887127&dn=[javdb.com]DJE-029.長澤梓.カダシby女教師 長澤あずさ; magnet:?xt=urn:btih:fba75864664e87d5f67edcf889d7f1452eae677e&dn=[javdb.com]DJE-029; magnet:?xt=urn:btih:b7913a4c0253ff0b7e9b31018bd14324fd99a36a&dn=[javdb.com]DJE-029; magnet:?xt=urn:btih:9eee0b84a851ec278bd1b66e283284cb7bd39da5&dn=[javdb.com]SIS001@DJE-029; magnet:?xt=urn:btih:e9d3e950f62ddd1b23087d5b12d5d27ba7d39a07&dn=[javdb.com]luosheng-920@DJE-029_HD; magnet:?xt=urn:btih:a8694d2c6ec1fb827dec895b76dad8cf6265f8b1&dn=[javdb.com]DJE-029 AVI; magnet:?xt=urn:btih:00208a4267fa0cb08d3c3086c4ca65bbddaf7b0e&dn=[javdb.com]#_DJE-029; magnet:?xt=urn:btih:81286ab5dc0dce64c609b041a1f5e18e0dd46ddb&dn=[javdb.com]DJE-029_1Mbps; magnet:?xt=urn:btih:049de8ec1fcf0bd33772b31fab3f1a8998843336&dn=[javdb.com]im-520@www.SexInSex.net@DJE-029
MYWIFE-163 竹沢遥,長澤あずさ,2012-05-13,MYWIFE-163,https://javdb564.com/v/VPn3D,N/A,4.0,102 分鍾,magnet:?xt=urn:btih:8b21251f8fe2c77e82d8e8390d1c2116f5de9575&dn=[javdb.com]Mywife No00381 竹沢遥(长泽梓) Haruka Takezawa 罕见的I罩杯，100cm胸围的超巨乳黑丝美人妻,magnet:?xt=urn:btih:8b21251f8fe2c77e82d8e8390d1c2116f5de9575&dn=[javdb.com]Mywife No00381 竹沢遥(长泽梓) Haruka Takezawa 罕见的I罩杯，100cm胸围的超巨乳黑丝美人妻
CETD-019 純白的新娘屁眼處女喪失 在丈夫面前被侵犯！！ I罩杯長澤梓處女屁眼悶騷三穴同時狂插到翻白眼挑戰極限！ 顯示原標題,長澤あずさ,2012-05-13,CETD-019,https://javdb564.com/v/ZXZGV,セレブの友,4.47,156 分鍾,magnet:?xt=urn:btih:499b4e6c0506505f7e612774d6538eea6a1a3ea6&dn=[javdb.com]CETD-019.wmv,magnet:?xt=urn:btih:499b4e6c0506505f7e612774d6538eea6a1a3ea6&dn=[javdb.com]CETD-019.wmv; magnet:?xt=urn:btih:97609b95ad193970416a58ec5ebc6a3f7298646f&dn=[javdb.com]CETD-019-AV.wmv; magnet:?xt=urn:btih:a3578da39386da1199cd1463cdad2d8410759567&dn=[javdb.com]CETD-019.wmv; magnet:?xt=urn:btih:8fa24705e58950ba478c21ed24ec043185b67068&dn=[javdb.com]【WRE】CETD-019 Ikacupu-100; magnet:?xt=urn:btih:8eb1b9a3f758c5707b5eaf8ca38c4057b2a580c6&dn=[javdb.com]CETD-019; magnet:?xt=urn:btih:27a1d660f6ae44f63a3f2985e2275c001c4f7c5d&dn=[javdb.com]第一會所新片@SIS001@(セレブの友)(CETD-019)Iカップ100-cm長澤あずさ処女アナル悶絶三穴同時ファック白目を剥いて限界に挑戦！; magnet:?xt=urn:btih:4948e60230a7a7d9b1dab8b212818925f31b1f72&dn=[javdb.com]CETD-019; magnet:?xt=urn:btih:88936330a72f2c62ce9b5fdaff9df032fe11d3ca&dn=[javdb.com]CETD-019
FSET-367 對女友的好朋友中出的我 長澤梓 顯示原標題,長澤あずさ,2012-05-10,FSET-367,https://javdb564.com/v/YnYWp,アキノリ,4.31,125 分鍾,magnet:?xt=urn:btih:038f652f97e27ffdb79250ac2303bfc56ccd03e9&dn=[javdb.com]FSET-367-C.torrent,magnet:?xt=urn:btih:038f652f97e27ffdb79250ac2303bfc56ccd03e9&dn=[javdb.com]FSET-367-C.torrent; magnet:?xt=urn:btih:7a17eb38ac7e438c7950c0a0ca2454ac2dbd41cc&dn=[javdb.com]FSET-367 長澤あずさ-彼女の親友に中出ししちゃった俺 .avi; magnet:?xt=urn:btih:c44dfbc5df1dec50618fee18dc2e782016db0bc4&dn=[javdb.com]Azusa Nagasawa - I Had to Put in to Her Best Friend [FSET-367].avi; magnet:?xt=urn:btih:d34b173b86d6ebf91e01ae80103e5fc8bab89397&dn=[javdb.com]FSET-367-MP4; magnet:?xt=urn:btih:fc5ba58d0df530daea04050e175627fafb509e46&dn=[javdb.com]FSET-367 AVI; magnet:?xt=urn:btih:ca295cf087591dfb49c0d2a45cd1a5d97529b927&dn=[javdb.com]FSET-367_HD; magnet:?xt=urn:btih:277306cf5267c2d8838d55f0b6c4da0079917dc4&dn=[javdb.com]FSET-367; magnet:?xt=urn:btih:791d3dabd588fb0b718a26552ec8e8285b7bbac3&dn=[javdb.com]Jav.li_FSET-367; magnet:?xt=urn:btih:ab2f288581b6b8ec893eca81039c83d2936b640c&dn=[javdb.com]im-520@www.SexInSex.net@FSET-367
ZONO-062 EDEN 密室グラマラス AZUSA,長澤あずさ,2012-04-25,ZONO-062,https://javdb564.com/v/vDn8n,Fantasista,4.09,120 分鍾,magnet:?xt=urn:btih:1572a79a093ca26e81c873ddc92d1db9832ddfa8&dn=[javdb.com]ZONO-062.torrent,magnet:?xt=urn:btih:1572a79a093ca26e81c873ddc92d1db9832ddfa8&dn=[javdb.com]ZONO-062.torrent
VSPDS-636 奥さん昼間からベランダで中出しSEXしませんか？ 出産後まもない身体は感度炸裂！中出し早漏妻,長澤あずさ,2012-04-21,VSPDS-636,https://javdb564.com/v/qDVwM,V＆Rプロダクツ,4.25,120 分鍾,magnet:?xt=urn:btih:c0db48633bfc916810b37235a7e39f90c8729843&dn=[javdb.com]03.VSPDS-636.torrent,magnet:?xt=urn:btih:c0db48633bfc916810b37235a7e39f90c8729843&dn=[javdb.com]03.VSPDS-636.torrent; magnet:?xt=urn:btih:8bcaa402678e86273551141daa1915c99118da28&dn=[javdb.com]VSPDS-636.torrent; magnet:?xt=urn:btih:d5df2b37a7c4ad5ccab60bb7fff3a5f33504db56&dn=[javdb.com]Azusa Nagasawa - Cream Pie Sex on Veranda in the Daytime [VSPDS-636].avi.torrent; magnet:?xt=urn:btih:0c102646b5d2937895ef6012f56f0f4e2781830c&dn=[javdb.com]VSPDS-636.mp4; magnet:?xt=urn:btih:343422014827da70fd4a3853ef6b815b339427e3&dn=[javdb.com]VSPDS-636
MIGD-450 噴精中出屁眼性愛！ 長澤梓 顯示原標題,長澤あずさ,2012-04-13,MIGD-450,https://javdb564.com/v/1BPpd,MOODYZ,4.51,120 分鍾,magnet:?xt=urn:btih:6171351c3c7b8cd0f5ddc353f12bdf329fb01962&dn=[javdb.com]migd-450-C.torrent,magnet:?xt=urn:btih:6171351c3c7b8cd0f5ddc353f12bdf329fb01962&dn=[javdb.com]migd-450-C.torrent; magnet:?xt=urn:btih:88c0d6a48453d202ef8e076fc005bc47928a88ae&dn=[javdb.com]MIGD-450@oldman; magnet:?xt=urn:btih:942aa934bc5e89c7ac187e05dc0fe4b3186eaabc&dn=[javdb.com]MIGD-450.avi; magnet:?xt=urn:btih:5fa416f8cfb7f1c722f7a5ad457d7763fbd250e6&dn=[javdb.com]Azusa Nagasawa – Bukkake Nakadashi Anal Fuck! [MIGD-450].avi; magnet:?xt=urn:btih:1fcb8872c6c4d90c3e95cc7941b27b7535729db6&dn=[javdb.com]MIGD-450 (HD); magnet:?xt=urn:btih:21bbbf74d64cf253607660cd2f431cf668de4e1b&dn=[javdb.com]MIGD-450 (HD); magnet:?xt=urn:btih:a1f65e2fe8704d9bb5330ea7444afd9a4cd07686&dn=[javdb.com]0411-migd-450; magnet:?xt=urn:btih:fdccd9a011cd827594b545b83787f3ec689b9c90&dn=[javdb.com]MIGD-450; magnet:?xt=urn:btih:1efa0b82f745ce9e2f9f4341e113a5d605187dd7&dn=[javdb.com]MIGD-450-AVI; magnet:?xt=urn:btih:b5f8cfea6295669282fa3cbce3f9b9226ffcb929&dn=[javdb.com]【WRE】MIGD-450 bucukakezh; magnet:?xt=urn:btih:e55a973ce9f3eae4f67e8d8d768b5d024d467708&dn=[javdb.com]复活126@第一会所@MIGD-450; magnet:?xt=urn:btih:e5d184ed0d0d3896fc34d745e5bc325a6efbc67c&dn=[javdb.com]第一會所新片@SIS001@(MOODYZ)(MIGD-450)ぶっかけ中出しアナルFUCK！_長澤あずさ_Azusa_Nagasawa_1; magnet:?xt=urn:btih:cccf4c9d734528ae81242e290618c722a55c6595&dn=[javdb.com]MIGD-450; magnet:?xt=urn:btih:a9f6bf49666dc21da84bd392353c8e66190cafbd&dn=[javdb.com]MIGD-450; magnet:?xt=urn:btih:80f510655eaa8cd51253e32e0fe02acdc4add6db&dn=[javdb.com]0411-dioguitar-23@18p2p@migd-450; magnet:?xt=urn:btih:98fae011519b79ff4a2335ff7c608de0a78cde8f&dn=[javdb.com]MIGD-450; magnet:?xt=urn:btih:b15576ccf18b6a1ef3eb0acc7be1d31ee686de01&dn=[javdb.com]im-520@www.SexInSex.net@MIGD-450; magnet:?xt=urn:btih:2c056a266a08fb92b402d281e58fe8bf38f086e1&dn=[javdb.com]huchen-110@www.SexInSex.net@MIGD-450
EKDV-235 長澤梓幫你開苞 顯示原標題,長澤あずさ,2012-04-06,EKDV-235,https://javdb564.com/v/2a7My,クリスタル映像,4.44,120 分鍾,magnet:?xt=urn:btih:41a2ee343ffceec5be596fb168a41858c5cfdeab&dn=[javdb.com]Azusa Nagasawa – Azusa’s Cherry Breaking [EKDV-235].avi,magnet:?xt=urn:btih:41a2ee343ffceec5be596fb168a41858c5cfdeab&dn=[javdb.com]Azusa Nagasawa – Azusa’s Cherry Breaking [EKDV-235].avi; magnet:?xt=urn:btih:109cd3ec3801f4aa4be17688c9a6cf38bc9051cb&dn=[javdb.com]0405-ekdv-235; magnet:?xt=urn:btih:112d94f6c145cdf34a4ed75da17c2f7dcb4ede8d&dn=[javdb.com]EKDV-235 AVI; magnet:?xt=urn:btih:6c70ea27753609851ebf222c75eb59e731f58437&dn=[javdb.com]【TXH】EKDV-235 zhangzeazu; magnet:?xt=urn:btih:22b058941670d9df910204b779cdace4e3358a98&dn=[javdb.com]ekdv-235; magnet:?xt=urn:btih:d9a61dc4583be367f544320c106c1cc73e1adaf2&dn=[javdb.com]0405-ekdv-235; magnet:?xt=urn:btih:db9a11a2c9cb0a11c913d0a65e79930fc1cd7f0b&dn=[javdb.com]happygjs-88@www.sexinsex.net@EKDV-235 爆乳美妹長澤梓帮处男开苞 让处男領略性愛的美妙
TT-019 女体液 長澤あずさ,長澤あずさ,2012-03-15,TT-019,https://javdb564.com/v/eKGQM,Glory Quest,4.48,120 分鍾,magnet:?xt=urn:btih:475c33b8667cac4716a18c84dbe47532b0bab258&dn=[javdb.com]TT-019.mkv.torrent,magnet:?xt=urn:btih:475c33b8667cac4716a18c84dbe47532b0bab258&dn=[javdb.com]TT-019.mkv.torrent; magnet:?xt=urn:btih:b1dbd0f9cf451a69055af1ca9d4b8f9ab5100eef&dn=[javdb.com]TT-019.mkv.torrent; magnet:?xt=urn:btih:7d0b5c872e653aabe29570bdc187e130dd2ef096&dn=[javdb.com]TT-019.torrent; magnet:?xt=urn:btih:b6b6372381a2732cb718bc52eec624825a53260c&dn=[javdb.com]TT-019.mkv.torrent.torrent; magnet:?xt=urn:btih:60668ab2526cf7b0a6dba8a59814cb773a57906a&dn=[javdb.com]TT-019 FHD NW R 아즈사나가사와.mp4; magnet:?xt=urn:btih:895e30644909ef54f44453fd067d7d40dbbe7197&dn=[javdb.com]TT-019
BDD-07 黒人巨大粗屌 VS 前寫真偶像 長澤梓 24歲 顯示原標題,長澤あずさ,2012-03-10,BDD-07,https://javdb564.com/v/65Yyn,グローバルメディアエンタテインメント,4.28,120 分鍾,magnet:?xt=urn:btih:cd1dc4b1360da041b7e59993ced111b0de3d660c&dn=[javdb.com]【TXH】BDD-07 heirenjudama.torrent,magnet:?xt=urn:btih:cd1dc4b1360da041b7e59993ced111b0de3d660c&dn=[javdb.com]【TXH】BDD-07 heirenjudama.torrent; magnet:?xt=urn:btih:6f0dad505bb4dd724f07b10f022136d4b78bd061&dn=[javdb.com]BDD-07 黒人巨大肉棒 VS 原雜志模特 無限制插入 長澤 24歳.torrent; magnet:?xt=urn:btih:1251a4c149a68ef129b822d6dce77501f202cc44&dn=[javdb.com][email protected]@BDD-07.torrent; magnet:?xt=urn:btih:8e85d7b0685ff3962c6160bd4cdd333fc3af043a&dn=[javdb.com]Azusa Nagasawa - Black Dude Very Big Dicks vs Former Gravure Idol [BDD-07].avi; magnet:?xt=urn:btih:108e8d72e62879b7f170c6ae9f7aac66a43aec03&dn=[javdb.com]BDD-07; magnet:?xt=urn:btih:555f0f4b22550336d260508a9acdb5540caeaedc&dn=[javdb.com]【淫满魔女】BDD-07 FGEDFWET; magnet:?xt=urn:btih:cc9d19c7d6b4083e50fc7fcf8276510b57bd115c&dn=[javdb.com]【贴心话】【sex8.cc】BDD-07 黒人巨大マラ VS 元グラビアアイドル 長澤あず(中文字幕).torrent
UKTK-001 生ハメされる受付嬢 1,長澤あずさ,2012-02-25,UKTK-001,https://javdb564.com/v/wKqB1,豊彦,4.47,115 分鍾,magnet:?xt=urn:btih:8edbb99d7db32c5c625be837c471845ec04c9c1a&dn=[javdb.com]UKTK-001,magnet:?xt=urn:btih:8edbb99d7db32c5c625be837c471845ec04c9c1a&dn=[javdb.com]UKTK-001; magnet:?xt=urn:btih:51358444606e0f3562a0e5b1c644a567bad74995&dn=[javdb.com]UKTK-001
VGD-097 卑猥なGカップ 長澤あずさ,長澤あずさ,2012-02-25,VGD-097,https://javdb564.com/v/Bz8pr,HMJM,4.48,140 分鍾,magnet:?xt=urn:btih:9a66ed172795fb0e2f9f17dc6b36917be8502f3f&dn=[javdb.com]VGD-097 AVI.torrent,magnet:?xt=urn:btih:9a66ed172795fb0e2f9f17dc6b36917be8502f3f&dn=[javdb.com]VGD-097 AVI.torrent; magnet:?xt=urn:btih:b4a6e150e9addee0d019d9b0a61b5ad98b03ed11&dn=[javdb.com]VGD-097.rar.torrent; magnet:?xt=urn:btih:bbd14431487fd0376c22c225efd3f644521d52c0&dn=[javdb.com]VGD-097.avi.torrent; magnet:?xt=urn:btih:755f374a1f97a3a7f09b9ef4c744055a85d608b3&dn=[javdb.com]VGD-097 卑猥なGカップ 長澤あずさ[2012-02-25]
HBAD-175 受不了巨乳媳婦的誘惑，公公忍不住持續進攻 長澤梓 顯示原標題,長澤あずさ,2012-02-23,HBAD-175,https://javdb564.com/v/yxryZ,ヒビノ,4.38,120 分鍾,magnet:?xt=urn:btih:551aaa1cefbd0d40f101dec63cd8061ab8e9b382&dn=[javdb.com]HBAD-175-C.torrent,magnet:?xt=urn:btih:551aaa1cefbd0d40f101dec63cd8061ab8e9b382&dn=[javdb.com]HBAD-175-C.torrent; magnet:?xt=urn:btih:e665a809392f8712a0731048ee8945f13ea3b88a&dn=[javdb.com]HBAD-175 HD NW R 아즈사나가사와.mp4; magnet:?xt=urn:btih:f244f260034a048b44178bdbe899452c8858e2ed&dn=[javdb.com]HBAD-175.avi; magnet:?xt=urn:btih:613eb5e96a6045db7838c7d33b40e038b3d11495&dn=[javdb.com]HBAD-175 巨乳嫁の躰に我慢できない义父は入れて欲しがるまで攻め続けた 长泽あずさ.rmvb; magnet:?xt=urn:btih:667007d81325c513c127243bce24fa5ac2aeacdb&dn=[javdb.com]07.hbad-175; magnet:?xt=urn:btih:d2a6bb6efff130a6eccdb44a919c07baa76321ab&dn=[javdb.com]HBAD-175-MP4; magnet:?xt=urn:btih:d3fb578f6cc29ad18eb3eb25777b4a8ac80e11df&dn=[javdb.com][N]hbad-175巨乳嫁躰我慢義父欲sex 長澤; magnet:?xt=urn:btih:306b2fa29f966cc89f34e730b01271b8ef0318d3&dn=[javdb.com]0223-hbad-175; magnet:?xt=urn:btih:1fac4be41c03fb35550f4014db86f60112b3273a&dn=[javdb.com]HBAD-175 VI; magnet:?xt=urn:btih:c030a0dd3a0afeaea60ae4217b828544fe6209c2&dn=[javdb.com]【TXH】HBAD-175 jurujianot; magnet:?xt=urn:btih:4450a8357926dbb627e216667c08c373e05300e1&dn=[javdb.com]hbad-175-ch; magnet:?xt=urn:btih:fb2b376e2bc0c343a85b9e828d0dc5bcfdc934ec&dn=[javdb.com]HBAD-175-DVD; magnet:?xt=urn:btih:f46f74b528ab624a49357269ab8bca5eba2f534e&dn=[javdb.com]HBAD-175; magnet:?xt=urn:btih:70b9303b46bd8b9a9cfe2aa4252ecb4ceac94b64&dn=[javdb.com]HBAD-175; magnet:?xt=urn:btih:af6b554b14ba1d77d54afc4f5ba638daf7cb27e4&dn=[javdb.com]HBAD-175.長澤梓.巨乳嫁の躰に我慢できない義父は入れて欲しがるまで攻め続けた 長澤あずさ; magnet:?xt=urn:btih:506a474fc27353967f7d719d96c3eec2f2787864&dn=[javdb.com]123.HBAD-175; magnet:?xt=urn:btih:6cf3101118fc958da35016005dee3ddcc31a37fb&dn=[javdb.com]0104-M34-HBAD-175; magnet:?xt=urn:btih:379b332e7133570381bd2818919fc17bd324b569&dn=[javdb.com]HBAD-175 Azusa Nagasawa 시아버지의 계략 [한글자막]; magnet:?xt=urn:btih:1889b7f8c02ea79aa65386aa837ae485e6128222&dn=[javdb.com]【淫满魔女】HBAD-175 DSFWER; magnet:?xt=urn:btih:5c49973073baf1c5c41788375f0e1369cb0e01ef&dn=[javdb.com]xuerui-810405@www.sexinsex.net@HBAD-175; magnet:?xt=urn:btih:9d03fbd87067eba57cd9a03cd31ab554c25431c4&dn=[javdb.com]【贴心话】【sex8.cc】HBAD-175 巨乳嫁の躰に我慢できない義父は入れて欲し(中文字幕)
SMA-606 旦那の目の前でアナル凌辱されながらアクメ顔を晒す若妻 長澤あずさ,長澤あずさ,2012-02-13,SMA-606,https://javdb564.com/v/OX2wv,マルクス兄弟,4.1,120 分鍾,magnet:?xt=urn:btih:2eab633107c18f9227900eac1dc8cada9ed03eda&dn=[javdb.com]SMA-606.avi,magnet:?xt=urn:btih:2eab633107c18f9227900eac1dc8cada9ed03eda&dn=[javdb.com]SMA-606.avi; magnet:?xt=urn:btih:05ba4f4ae0749bcf623897153bd2c3830a8fc9fb&dn=[javdb.com]SMA-606; magnet:?xt=urn:btih:3eee133198b96142ce0cf8b0a04072142bf452b2&dn=[javdb.com]【TXH】SMA-606 dannanomuno; magnet:?xt=urn:btih:761d27a1e80d7f9b7ed42d4148d82a7ee628096a&dn=[javdb.com]SMA-606; magnet:?xt=urn:btih:0890959c46679efdcd2482614951694c7c54d4b2&dn=[javdb.com]sma-606; magnet:?xt=urn:btih:79826ba4669ada3f1b2614611a49f21ae953c132&dn=[javdb.com]SMA-606 Anal Orgasm While Being Humiliated in Front of Husband; magnet:?xt=urn:btih:27a7ae9733524623aee2409988b04d4af2666ffc&dn=[javdb.com]SMA-606 Anal Orgasm While Being Humiliated in Front of Husband; magnet:?xt=urn:btih:0d890b483fef800859f0da5b4139c7fa4375ea4d&dn=[javdb.com]SMA-606 在先生眼前被淩辱示眾的若妻 長澤あずさ; magnet:?xt=urn:btih:1069d4e77b58e2acc489128de6e7f22898eb7229&dn=[javdb.com]SMA-606 アナル凌辱す若妻 長澤あずさ; magnet:?xt=urn:btih:7839b2ce1abacb526867632ba80626b6786c7388&dn=[javdb.com]西門吹水 @ www.sexinsex.net @ SMA-606 アナル凌辱す若妻 長澤あずさ
MDYD-667 強制不穿奶罩生活 長澤梓 顯示原標題,長澤あずさ,2012-02-13,MDYD-667,https://javdb564.com/v/z4Kg7,溜池ゴロー,4.3,120 分鍾,magnet:?xt=urn:btih:9e2ee328a6e1f1aa5ec1fe1339c5fd6d04dd5ec6&dn=[javdb.com]mdyd-667-C.torrent,magnet:?xt=urn:btih:9e2ee328a6e1f1aa5ec1fe1339c5fd6d04dd5ec6&dn=[javdb.com]mdyd-667-C.torrent; magnet:?xt=urn:btih:34aee128e3f12ebcbbd6feafc82057c67a4b0dad&dn=[javdb.com]0211-mdyd-667; magnet:?xt=urn:btih:cfd35c602cc829011355e21cee1c80f98fb8c639&dn=[javdb.com]MDYD-667 AVI; magnet:?xt=urn:btih:94ec641b3b77df18eb34112191264dbd46bdeb26&dn=[javdb.com]MDYD-667; magnet:?xt=urn:btih:5743d419863cc7409f3c39fd4dc57c7ece4d39c8&dn=[javdb.com]【TXH】MDYD-667 qiangzhino; magnet:?xt=urn:btih:4edd6a31af296767f188f861ce3a207711b8cae0&dn=[javdb.com]MDYD-667; magnet:?xt=urn:btih:bd7487632aae7c5fd053eb4165cd162a4e9d51f7&dn=[javdb.com]MDYD-667 Forced to Go Daily Without Wearing a Bra; magnet:?xt=urn:btih:a457dce04fc0a5fb662a7392a54104e225ede78e&dn=[javdb.com]mdyd-667; magnet:?xt=urn:btih:ec3d6d427e77fae8e54035366ac7e86dd84ba9e2&dn=[javdb.com]MDYD-667
WNZ-423 ノーモザイクアナルFUCK 連続アクメ拷問 長澤あずさ,長澤あずさ,2012-02-01,WNZ-423,https://javdb564.com/v/nKeXe,ワンズファクトリー,4.3,130 分鍾,magnet:?xt=urn:btih:dd72ccdac2ab86b38c1f7add3708c00c8e184188&dn=[javdb.com]Azusa Nagasawa Continuous Torture Orgasm Anal FUCK (WNZ-423).wmv,magnet:?xt=urn:btih:dd72ccdac2ab86b38c1f7add3708c00c8e184188&dn=[javdb.com]Azusa Nagasawa Continuous Torture Orgasm Anal FUCK (WNZ-423).wmv; magnet:?xt=urn:btih:deee2f2793a59f9f5b595505147073e953967b7d&dn=[javdb.com]WNZ-423.wmv; magnet:?xt=urn:btih:b39d2043f09327953118a82a092eb35afce91447&dn=[javdb.com]WNZ-423.wmv; magnet:?xt=urn:btih:535343184706037e2bedaf9a6ba5b50d05df61ba&dn=[javdb.com]xiaose9831@第一会所@WNZ-423; magnet:?xt=urn:btih:55f1109307bd956557077d2c1e4ab025bbc2078d&dn=[javdb.com]xiaose-9831@第一会所@WNZ-423; magnet:?xt=urn:btih:e956f15ca023eea1ad23c0ce36745eef808da72e&dn=[javdb.com]xiaose-9831@第一会所@WNZ-423; magnet:?xt=urn:btih:5f6e64b4c9950ab4030d955a12b361c4924c5fc4&dn=[javdb.com]wnz-423; magnet:?xt=urn:btih:8c2fa2d2e3da8eb407555699f207809e155c4dd4&dn=[javdb.com]复活126@第一会所@WNZ-423; magnet:?xt=urn:btih:488af58c9aab21a1e036f858c8e471dc0809b1e2&dn=[javdb.com]复活126@第一会所@WNZ-423
MCSR-058 中出人妻不倫之旅 22 顯示原標題,長澤あずさ,2012-01-25,MCSR-058,https://javdb564.com/v/7y6NB,ビッグモーカル,4.25,120 分鍾,magnet:?xt=urn:btih:4582fe6af8e6c596ec5ea96ae4a59deb59b82ae1&dn=[javdb.com]MCSR-058,magnet:?xt=urn:btih:4582fe6af8e6c596ec5ea96ae4a59deb59b82ae1&dn=[javdb.com]MCSR-058; magnet:?xt=urn:btih:c15b9d390309b81ff667036a4aba155b9f75386c&dn=[javdb.com]mcsr-058; magnet:?xt=urn:btih:4e2aba1a2364d6b852d0f990014bba78fb86e97f&dn=[javdb.com]02.mcsr-058; magnet:?xt=urn:btih:85fd692991c41ca6df99988121a5692f9855bc28&dn=[javdb.com]16.mcsr-058; magnet:?xt=urn:btih:757e801d8406ef5108892027a037d05cdea644cf&dn=[javdb.com]【TXH】MCSR-058 zhongchusi; magnet:?xt=urn:btih:1ef4ae82648af7edfa41351281b96df3313c1573&dn=[javdb.com][susun]mcsr-058 中出し人妻不倫旅行 22; magnet:?xt=urn:btih:53e5fa857fc76e450d5c3a985f2e7152bd9f6603&dn=[javdb.com]0123-mcsr-058; magnet:?xt=urn:btih:571e3790c73e264122d3aabecb3ae8609bc09a32&dn=[javdb.com]MCSR-058; magnet:?xt=urn:btih:3b2df9e1c26e6028b761959a358fdcae9b4d8d0b&dn=[javdb.com]MCSR-058; magnet:?xt=urn:btih:45b73aa63fc9887f0e74f6f38fb50bdfa451710b&dn=[javdb.com]MCSR-058 中出し人妻不倫旅行 22 長澤あずさ; magnet:?xt=urn:btih:192f5db7e2be42c23e7c2fa8be72cd3df48ee319&dn=[javdb.com]38.MCSR-058; magnet:?xt=urn:btih:34cf8b67a9d2f65b74d18f8a327c27cb6b073e87&dn=[javdb.com]MCSR-058; magnet:?xt=urn:btih:df4ec42024435a8ee446ffc2ca29390fa17a9b72&dn=[javdb.com]MCSR-058; magnet:?xt=urn:btih:a5fe5b218cce6fc981a6d451f1b567814c416ab1&dn=[javdb.com]八神@MCSR-058; magnet:?xt=urn:btih:2d3edbfb74da7630a13edf68108e0cbbce55ee84&dn=[javdb.com]MCSR-058; magnet:?xt=urn:btih:370c23cb655dc277daa5da8aeda33b558192a83d&dn=[javdb.com]forum.japanadultvideos.com-MCSR-058; magnet:?xt=urn:btih:1944653f1a32a87fbec4d0cac33233b1cc5cdcae&dn=[javdb.com]im-520@www.SexInSex.net@MCSR-058
EKDV-219 長澤梓的跟家教來一砲 顯示原標題,長澤あずさ,2012-01-20,EKDV-219,https://javdb564.com/v/e8Kyp,クリスタル映像,4.22,120 分鍾,magnet:?xt=urn:btih:3398473a250f8ba814abb4a51495ce8b4c8e6f4b&dn=[javdb.com]EKDV-219-C.torrent,magnet:?xt=urn:btih:3398473a250f8ba814abb4a51495ce8b4c8e6f4b&dn=[javdb.com]EKDV-219-C.torrent; magnet:?xt=urn:btih:9c42d4ec6f49cafafbeabcd145ac587003faece3&dn=[javdb.com]ekdv-219; magnet:?xt=urn:btih:b4c1e3e733667d21af4be61792b5af049c7a968a&dn=[javdb.com]EKDV-219 長澤あずさの家庭教師でしようよ●.mp4; magnet:?xt=urn:btih:6943d538d1d74554bd891af49709dcbea208e84b&dn=[javdb.com]EKDV-219; magnet:?xt=urn:btih:699d0924a0893a5b5484d71406f00ad252f05a6d&dn=[javdb.com]EKDV-219; magnet:?xt=urn:btih:08b8f457bb24bb40fad21bf1ec519e0f82003776&dn=[javdb.com]EKDV-219.avi; magnet:?xt=urn:btih:d5966aa99a473c73858d2694ceccbd08d63cf6ce&dn=[javdb.com]tanw或yk-3325@EKDV_219; magnet:?xt=urn:btih:1d7258fa020b147377eae768ed7e9c237eed9611&dn=[javdb.com]EKDV-219.HD; magnet:?xt=urn:btih:cb360c8e10f4bf5d1d800de2b87f4dfa534eaaf9&dn=[javdb.com]Miss.Azusa.Is.A.Boin.Teacher.EKDV-219.Jav.Censored.DVDRip.XviD-MotTto; magnet:?xt=urn:btih:e5c92a066b63cc05d9ac634ed94764358337c5f4&dn=[javdb.com]22.ekdv-219; magnet:?xt=urn:btih:b619fe5a5da78d5133ed8c0ec7728160f9163926&dn=[javdb.com]05.ekdv-219; magnet:?xt=urn:btih:5ecdfbfd073719781ed2d1e52bf4673a1d4a2167&dn=[javdb.com]0118-ekdv-219; magnet:?xt=urn:btih:ace46ed0f448c2699f239dac2d11b704bbd40346&dn=[javdb.com]Miss.Azusa.Is.A.Boin.Teacher.EKDV-219.Jav.Censored.DVDRip.XviD-MotTto; magnet:?xt=urn:btih:07afb6c08276ed770cc81aded61ed41d5f1f7d03&dn=[javdb.com]EKDV-219.長澤梓.長澤あずさの家庭教師でしようよ; magnet:?xt=urn:btih:5ccdfc03858cbf77c7e39f2732011f16afa178ff&dn=[javdb.com]ekdv-219; magnet:?xt=urn:btih:958f8e04b304bf851e48b275b86001afabfa49fe&dn=[javdb.com]EKDV-219; magnet:?xt=urn:btih:c95d76f0b7f970b164719dd043bcee3f6dc3cf15&dn=[javdb.com]EKDV-219-AVI; magnet:?xt=urn:btih:5a043db7931ab56e8d17eb3f3ca22a0a6702cfbc&dn=[javdb.com]EKDV-219 AVI; magnet:?xt=urn:btih:98667b62d77b0c88e1d061afabbeb9424e95cbac&dn=[javdb.com]EKDV-219; magnet:?xt=urn:btih:302d2f95a938d95391b9d7ec859617f1849b02cd&dn=[javdb.com]0118-ekdv-219; magnet:?xt=urn:btih:e792575f3794fb10412f8731aa84c81062782c10&dn=[javdb.com]ekdv-219 長澤あずさの家庭教師でしようよ; magnet:?xt=urn:btih:fce88a7055ba73a66b4fd1fc761349736ee676be&dn=[javdb.com]EKDV-219 長澤あずさの家庭教師でしようよ
AKHO-026 雪村春樹全集 18 長澤あずさ,長澤あずさ,2012-01-13,AKHO-026,https://javdb564.com/v/qADeP,赤ほたるいか/妄想族ブラックレーベル,4.14,120 分鍾,magnet:?xt=urn:btih:fd2aea7166ae7ba9d5b1b349c3e8d41f12d42f7c&dn=[javdb.com]AKHO-026.mp4.torrent,magnet:?xt=urn:btih:fd2aea7166ae7ba9d5b1b349c3e8d41f12d42f7c&dn=[javdb.com]AKHO-026.mp4.torrent
AKND-025 真性中出し 穴女 長澤あずさ,長澤あずさ,2012-01-07,AKND-025,https://javdb564.com/v/2maRq,桃太郎映像出版,4.22,160 分鍾,magnet:?xt=urn:btih:657b6a49abab0bb6becb5184673f6b24cc051c8e&dn=[javdb.com]AKND-025 真性中出し 穴女 長澤あずさ,magnet:?xt=urn:btih:657b6a49abab0bb6becb5184673f6b24cc051c8e&dn=[javdb.com]AKND-025 真性中出し 穴女 長澤あずさ; magnet:?xt=urn:btih:3713b3842dfdf4cbcd30fa55f428d149ea21ee95&dn=[javdb.com]真性中出し 穴女 長澤あずさAKND-025.rar; magnet:?xt=urn:btih:f355a794fc7cb4e9afd10172520d4c6c21dae9c1&dn=[javdb.com]xiaose-9831@第一会所@AKND-025; magnet:?xt=urn:btih:3126b7ee02c85fea44e50b9824b26d6b11594388&dn=[javdb.com]AKND-025; magnet:?xt=urn:btih:2ecfe0adbe5865a2b401c25a22e3fb0fbbbef523&dn=[javdb.com]im-520@www.SexInSex.net@AKND-025
WPP-041 豊乳中出し 第四十壱章,長澤あずさ,2012-01-05,WPP-041,https://javdb564.com/v/Mbmd1,KI Planning,4.45,115 分鍾,magnet:?xt=urn:btih:8b3beabe7c3effbcd7d73a713e5bfaa38731aec4&dn=[javdb.com]WPP-041.wmv,magnet:?xt=urn:btih:8b3beabe7c3effbcd7d73a713e5bfaa38731aec4&dn=[javdb.com]WPP-041.wmv
NAMA-006 ぶっかけ中出しのできる高級洗体ソープへようこそ 長澤あずさ,長澤あずさ,2012-01-01,NAMA-006,https://javdb564.com/v/kK4zz,ナマドル,4.14,120 分鍾,magnet:?xt=urn:btih:839bf33199fccdf21502d7bdb8c1e239a04d2a47&dn=[javdb.com]nama-006,magnet:?xt=urn:btih:839bf33199fccdf21502d7bdb8c1e239a04d2a47&dn=[javdb.com]nama-006
VAGU-018 連續高潮近親相姦～不斷高潮的媽媽～ 長瀬梓 顯示原標題,長澤あずさ,2011-11-19,VAGU-018,https://javdb564.com/v/RkdrR,VENUS,4.15,85 分鍾,magnet:?xt=urn:btih:0c888e981fc9f0ff51fd5197f2ee5a6c38e84a70&dn=[javdb.com]VAGU-018-C.torrent,"magnet:?xt=urn:btih:0c888e981fc9f0ff51fd5197f2ee5a6c38e84a70&dn=[javdb.com]VAGU-018-C.torrent; magnet:?xt=urn:btih:816d56cd8e0af1b31c3c6802186ffa1e3953a06e&dn=[javdb.com]VAGU-018 Azusa Nagasawa; magnet:?xt=urn:btih:76d4f71c28bff039ea9f31244497f5ff6d130613&dn=[javdb.com]Azusa Nagasawa - Incest Mother Continuous Orgasm [VAGU-018].avi; magnet:?xt=urn:btih:ec6444dd071021ba3d5f343c0eec868e5693c893&dn=[javdb.com]VAGU-018 – 【新作】 連続アクメ近親相姦～ひたすらイキまくる母～ 長澤あずさ.rar; magnet:?xt=urn:btih:4ff6cee081e61948860e42243d51e56603ff3bd1&dn=[javdb.com][susun]VAGU-018 巨乳淫乱人妻，跟儿子老公搞3P还射进去～长泽あずさ; magnet:?xt=urn:btih:cf9d19b385c1dc6acf7fdc0dcfa5e531186d2ed8&dn=[javdb.com]VAGU-018-MP4; magnet:?xt=urn:btih:ae99daeca18c870043929ad7e443d467aa8d07c8&dn=[javdb.com]VAGU-018 AVI; magnet:?xt=urn:btih:2479601303ad86fa8b21f70173f14e86b2d29337&dn=[javdb.com]vagu-018-ch; magnet:?xt=urn:btih:311982b7be12b565fef544bc6f242bdf9d154895&dn=[javdb.com]VAGU-018-DVD; magnet:?xt=urn:btih:0dd87ced071cd1572c7b36c9e84687207e6edf2d&dn=[javdb.com]VAGU-018 AVI; magnet:?xt=urn:btih:4c80fe3d7a3da152217da25a461ff1c7d925e204&dn=[javdb.com]VAGU-018 AVI; magnet:?xt=urn:btih:94a03d11166aaad31ca061f88a3b2ecd0533731d&dn=[javdb.com]VAGU-018 連続アクメ近親相姦～ひたすらイキまくる母～ 長瀬あずさ; magnet:?xt=urn:btih:23e24bde0de6a662d504882a6708152782611b84&dn=[javdb.com]VAGU-018; magnet:?xt=urn:btih:ec888c419cbe2917c43fe9d0f1a3eb9aca01e53d&dn=[javdb.com]xuerui-810405@www.sexinsex.net@VAGU-018; magnet:?xt=urn:btih:5a0f4cfe318b7e02a3dc3fee62c6eae484612c27&dn=[javdb.com]happygjs-88@www.sexinsex.net@VAGU-018巨乳淫乱人妻,跟儿子老公搞3P还射进去～长泽あずさ; magnet:?xt=urn:btih:e48c818a741f885fb5130d0fcb0d04dccadeade6&dn=[javdb.com]huchen-110@www.SexInSex.net@VAGU-018"
HBAD-166 我年過五十看到繼女的巨乳和成熟的肉體忍不住動手了 長澤梓 顯示原標題,長澤あずさ,2011-11-19,HBAD-166,https://javdb564.com/v/mOeqd,ヒビノ,4.23,120 分鍾,magnet:?xt=urn:btih:3b110154c2133d8204c42aed808a0625549d4bad&dn=[javdb.com]hbad-166-C.torrent,magnet:?xt=urn:btih:3b110154c2133d8204c42aed808a0625549d4bad&dn=[javdb.com]hbad-166-C.torrent; magnet:?xt=urn:btih:1c2dfeb8ba23ef6d26dda500218059e5dac0e621&dn=[javdb.com]HBAD-166 AVI; magnet:?xt=urn:btih:c862ab4fb89edada189fc878d3d26974bda429ac&dn=[javdb.com]hbad-166-ch; magnet:?xt=urn:btih:0e68478f016d276a41425e6a6966d14c0d39dd99&dn=[javdb.com]HBAD-166.長澤梓.俺は50過ぎて連れ子の巨乳で大人びた躰に我慢できなくなって手込めにした 長澤あずさ; magnet:?xt=urn:btih:e938910a00d037692eebc8e4fc417a603683bc96&dn=[javdb.com]HBAD-166 AVI; magnet:?xt=urn:btih:f4d22bcfbc03d144430f0fd02bbe3711660ad4d7&dn=[javdb.com]HBAD-166 俺は50過ぎて連れ子の巨乳で大人びた躰に我慢できなくなって手込めにした 長澤あずさ; magnet:?xt=urn:btih:cee3bfbce780ea687ae24b31df4936b626a49cf2&dn=[javdb.com]HBAD-166; magnet:?xt=urn:btih:2d0d448413e9b172ba771e988307c0de557be8b2&dn=[javdb.com]HBAD-166; magnet:?xt=urn:btih:4c8d0fdd7d1801adcced106dc25a2067c8f7018a&dn=[javdb.com]HBAD-166; magnet:?xt=urn:btih:afc685ea7274b4a0f709def65cc65b4dce8b6e47&dn=[javdb.com]HBAD-166 俺は50過ぎて連れ子の巨乳で大人びた躰に我慢できなくなって手込めにした 長澤あずさ; magnet:?xt=urn:btih:79df91c9473b2f280d5529a01c3906646beb068e&dn=[javdb.com]HBAD-166 俺は50過ぎて連れ子の巨乳で大人びた躰に我慢できなくなって手込めにした 長澤あずさ; magnet:?xt=urn:btih:b6d8df3d68052941243ed71f6ba04743355d6ff8&dn=[javdb.com]【ystylt】【sex8.cc】HBAD-166
EKDV-207 無盡的性高潮 子宮腦下垂體 長澤梓 絕頂侵犯 顯示原標題,長澤あずさ,2011-11-18,EKDV-207,https://javdb564.com/v/yxrMr,クリスタル映像,4.23,120 分鍾,magnet:?xt=urn:btih:95aeb9f2f21a73ee6945009f50b02ae494991b48&dn=[javdb.com]EKDV-207-C.torrent,magnet:?xt=urn:btih:95aeb9f2f21a73ee6945009f50b02ae494991b48&dn=[javdb.com]EKDV-207-C.torrent; magnet:?xt=urn:btih:b9b5bef8d7ea6321472f63d46d4b818a9182312a&dn=[javdb.com]EKDV-207-MP4; magnet:?xt=urn:btih:c3ee62a2721eaa397257ac2f874628d72950b957&dn=[javdb.com][susun]EKDV-207 ポルチオエンドルフィン 長澤あずさ 絶頂侵犯; magnet:?xt=urn:btih:a90f2b21ccf2a1c624ce6de6517faaeb61fab30f&dn=[javdb.com][EKDV-207] NON STOP ORGASM ポルチオエンドルフィン 長澤あずさ 絶頂侵犯; magnet:?xt=urn:btih:2431835f7718bf2d33e048f3f3dbebb263bf336d&dn=[javdb.com]EKDV-207 AVI; magnet:?xt=urn:btih:5e85125fa371525c310f9706ac3a7b3eec16f05d&dn=[javdb.com]EKDV-207 AVI; magnet:?xt=urn:btih:1d7f48f49838dfcd3af1dd2920f9308a71e4ce88&dn=[javdb.com]EKDV-207 NON STOP ORGASM ポルチオエンドルフィン 長澤あずさ 絶頂侵犯; magnet:?xt=urn:btih:80ee477335ccf3536d89b2aec0ec5e0cb0acf610&dn=[javdb.com]EKDV-207 NON STOP ORGASM ポルチオエンドルフィン 長澤あずさ 絶頂侵犯; magnet:?xt=urn:btih:1755f1f722b46ea70f36fc1eb61dfdea2fd5e75a&dn=[javdb.com]EKDV-207; magnet:?xt=urn:btih:1ac9575544b27bafb774f3cb3459b45596b23579&dn=[javdb.com]shuangyuboy@第一會所@EKDV-207; magnet:?xt=urn:btih:f73e091c021fd5b26ce1576decde989d440291a3&dn=[javdb.com]javset.com-EKDV-207.avi
