视频ID,标题,番号,文件路径,文件大小(字节),时长(秒),分辨率,MD5值,分析状态,标签数量,标签列表,描述,分析时间,错误信息
53077,武汉周公教学视频,,/Users/firewell/影视/国产mac/武汉周公教学视频.mp4,60963051,799,404x720,,成功,0,,【女性主角】无 【服装穿着】无 【场景环境】无,0.00秒,
54390,女友闺蜜被我操爽真实偷情这骚女太骚了淫语挑逗_2,,/Users/firewell/Downloads/mp42/女友闺蜜被我操爽真实偷情这骚女太骚了淫语挑逗_2.mp4,4126881,113,202x244,,成功,0,,【女性主角】无 【服装穿着】无 【场景环境】无,0.00秒,
54179,好兄弟呀！躺着装睡让我上他的妞非得当他面操玩的真变态_1,,/Users/firewell/影视/国产mac/好兄弟呀！躺着装睡让我上他的妞非得当他面操玩的真变态_1.mp4,2851321,29,600x260,,成功,0,,【女性主角】无 【服装穿着】无 【场景环境】无,0.00秒,
53967,真实约炮！SOUL上认识的极品大奶人妻第一次约出来就拿下！_1,,/Users/firewell/影视/国产mac/真实约炮！SOUL上认识的极品大奶人妻第一次约出来就拿下！_1.mp4,18200421,203,600x220,,成功,7,"人妻, 大奶, 偷情, 出轨, 约炮, 后入, 口交",【女性主角】人妻，丰满，大奶，性感 【服装穿着】无，无丝袜，无配饰 【场景环境】室内，夜晚，酒店,0.00秒,
54357,你说鸡巴比麦克风大我是不信？真的话当着大家面给你口让你操,,/Users/firewell/影视/国产mac/你说鸡巴比麦克风大我是不信？真的话当着大家面给你口让你操.mp4,280267267,2393,720x404,,成功,0,,【女性主角】（少妇，丰满，性感） 【服装穿着】（内衣，黑丝，露脸） 【场景环境】（会所，夜晚）,0.00秒,
54400,45岁与20岁！大奶熟女阿姨，就喜欢被小伙干,,/Users/firewell/Downloads/mp42/45岁与20岁！大奶熟女阿姨，就喜欢被小伙干.mp4,134070292,1401,720x404,,成功,7,"熟女, 巨乳, 偷情, 出轨, 约炮, 黑丝, 丁字裤",【女性主角】熟女，丰满，性感，长发，红唇 【服装穿着】情趣装，黑丝，丁字裤，露脸 【场景环境】室内，床上，白天,0.00秒,
54589,有男友还跟别人这么甜,,/Users/firewell/影视/国产mac/有男友还跟别人这么甜.mp4,25835843,309,410x720,,成功,7,"少女, 女友, 情趣装, 白丝, 丁字裤, 出轨, 口交",【女性主角】少女，长发，素颜，高颜值，清纯 【服装穿着】情趣装，白丝，丁字裤 【场景环境】酒店，夜晚,0.00秒,
54588,新年第一射！一定要射到别人老婆的嘴里,,/Users/firewell/影视/国产mac/新年第一射！一定要射到别人老婆的嘴里.mp4,9457562,70,408x720,,成功,7,"人妻, 偷情, 绿帽, 口交, 内射, 打桩, 露脸",【女性主角】熟女，长发，淡妆，颜值中等，气质清纯 【服装穿着】黑色上衣，无丝袜，无配饰，露脸 【场景环境】室内，床上，白天,0.00秒,
54532,羊叔猎奇风骚小护士,,/Users/firewell/影视/国产mac/羊叔猎奇风骚小护士.mp4,49167529,1656,720x326,,成功,0,,【女性主角】（少妇，苗条，性感） 【服装穿着】（无，裸体） 【场景环境】（卧室，床上）,0.00秒,
54412,你你这么骚你男友知道么,,/Users/firewell/Downloads/mp42/你你这么骚你男友知道么.mp4,129599466,1358,402x720,,成功,0,,【女性主角】（少女，丰满，性感，高颜值） 【服装穿着】（格子连衣裙，无丝袜，无眼镜） 【场景环境】（酒店，室内，夜晚）,0.00秒,
54408,把老婆让给健身小哥操，自己只能用小哥精液打飞机，看着老婆被抓臀抽穴她,,/Users/firewell/Downloads/mp42/把老婆让给健身小哥操，自己只能用小哥精液打飞机，看着老婆被抓臀抽穴她.mp4,149569312,1930,720x404,,成功,0,,【女性主角】（少妇，苗条，性感） 【服装穿着】（丝袜，内衣，黑丝） 【场景环境】（酒店，夜晚）,0.00秒,
54594,极品人妻年初五回娘家背着她老公出来跟我约会,,/Users/firewell/影视/国产mac/极品人妻年初五回娘家背着她老公出来跟我约会.mp4,44579032,320,404x720,,成功,7,"少妇, 人妻, 偷情, 出轨, 巨乳, 黑丝, 后入",【女性主角】少妇，丰满，性感 【服装穿着】内衣，黑丝，露脸 【场景环境】酒店，夜晚,0.00秒,
54590,后入冷白皮骚母狗，大屁股浪贱叫声，淫秽入耳，刺激,,/Users/firewell/影视/国产mac/后入冷白皮骚母狗，大屁股浪贱叫声，淫秽入耳，刺激.mp4,6345309,98,404x720,,成功,7,"少妇, 偷情, 出轨, 淫荡, 口交, 露脸, 高颜值",【女性主角】少妇，身材丰满，气质淫荡 【服装穿着】无，未穿衣物 【场景环境】室内，卧室,0.00秒,
54591,今年的杭州极品少妇就操到这里吧,,/Users/firewell/影视/国产mac/今年的杭州极品少妇就操到这里吧.mp4,28680462,500,720x404,,成功,7,"少妇, 人妻, 偷情, 出轨, 巨乳, 后入, 内射",【女性主角】少妇，丰满，性感，高颜值 【服装穿着】白色睡衣，无丝袜，丁字裤 【场景环境】酒店，白天,0.00秒,
54593,过年没事做那就调教淫妻骚穴里塞跳蛋逛商场,,/Users/firewell/影视/国产mac/过年没事做那就调教淫妻骚穴里塞跳蛋逛商场.mp4,31457549,233,540x720,,成功,7,"少妇, 人妻, 调教, 出轨, 淫荡, 丝袜, 自慰",【女性主角】少妇，丰满，淫荡 【服装穿着】羽绒服，内裤，丝袜 【场景环境】商场,0.00秒,
54592,春节特辑！我的淫荡小妈，趁着BABA不在家要挟逼迫性感小妈做爱,,/Users/firewell/影视/国产mac/春节特辑！我的淫荡小妈，趁着BABA不在家要挟逼迫性感小妈做爱.mp4,39556434,223,720x404,,成功,7,"少妇, 人妻, 巨乳, 黑丝, 偷情, 出轨, 淫荡",【女性主角】少妇，苗条，性感，长发，红唇，高颜值 【服装穿着】黑色内衣，无丝袜，无眼镜，露脸 【场景环境】室内，床上，夜晚，场景未转换,0.00秒,
54606,大长腿有肉感的女生操起来真的有感觉，骚话不断！刺激真实,,/Users/firewell/影视/国产mac/大长腿有肉感的女生操起来真的有感觉，骚话不断！刺激真实.mp4,36054103,507,720x404,,成功,7,"少妇, 偷情, 人妻, 出轨, 丰满, 黑丝, 后入",【女性主角】少妇，丰满，性感，高挑美女 【服装穿着】内衣，黑丝，露脸 【场景环境】室内，厨房,0.00秒,
54599,巨乳学妹抓着他的双马尾辫后入打桩浪叫不止,,/Users/firewell/影视/国产mac/巨乳学妹抓着他的双马尾辫后入打桩浪叫不止.mp4,32134673,403,720x404,,成功,7,"巨乳, 大学生, 后入, 打桩, 偷情, 出轨, 学妹",【女性主角】大学生，巨乳，性感，双马尾，露脸 【服装穿着】内衣，丁字裤，无丝袜，无眼镜 【场景环境】酒店，床上,0.00秒,
54595,这样的大屁股，必须后入，一枪到底,,/Users/firewell/影视/国产mac/这样的大屁股，必须后入，一枪到底.mp4,34215549,192,720x404,,成功,7,"人妻, 偷情, 后入, 内射, 黑丝, 丁字裤, 熟女",【女性主角】熟女，丰满，性感，高挑美女   【服装穿着】情趣装，黑丝，丁字裤，露脸   【场景环境】酒店，床上，夜晚  ,0.00秒,
54598,双镜头！长腿细腰的空姐变母狗日记！,,/Users/firewell/影视/国产mac/双镜头！长腿细腰的空姐变母狗日记！.mp4,31661177,425,720x616,,成功,7,"少妇, 偷情, 人妻, 情趣装, 黑丝, 丁字裤, 露脸",【女性主角】少妇，苗条，性感 【服装穿着】情趣装，黑丝，丁字裤，露脸 【场景环境】酒店，夜晚,0.00秒,
